5,ûã׷
18,̫СһҶװ¡
22,ǿ԰ˮͷװԺˮԭˮTDSֵ205ˮTDSֵ212˼⻹װϸˮͷɶ
30,ζճס
45,ͼƬЧͬ޵ģ˿֯Ʒջ
47,ҪҪҪ
65,Ҫɫ
68,ûаװҲûñĤĭʲôİһ£涼ԡ¶
81,õĲҪҪ
82,_ͨݲ
95,ûò֪òñ299ҿƱֻ800ù
105,ʵд
110, ô 
116,űãˮʲô
117,(?&acute;(&acute;&omega;`*)?ƽ
139,˼ۣû⣡¡[׷]
150,˷ƱģΪʲôûиҼķƱ
151,ûʹã֪Чô
154,һöûУһյ
156,ôκθо
169,еˮ
179,̫ʵ̫󣡷ǳ˻֪ƿװȥԺܲˣ
195,̳һ
208,ǰ**2**
213,ûԴûʲôãҶˡ
219,ξûզãһ3ûЧû
226,ǵȻԱſŵŶ
230,ߣ
231,(*??*
232,Ԫļ۸񲻼11ŵеĺ໨ٴ󣬰ͬѧզģνնǼ
233,Ҿһ䣬ʲôʱװˮܸӲϣͷʲô̬ȣȻҵ绰ͷ1575Ů
235,껹ʵݣͽۡȥ
239,һֱֵģεĵ·ݾ͵ˣƿò
250,˪*͵*ʲô˼أ
253,һʶ
254,ȷ磬
264,ʹúûκЧ
271,ճԲ֪Чô̼ҷʾֿ
278,о̫
281,_ͼͰͰͰͰ
286,̫󣡣
288,ڴе
290,
300,ֻƿһ
302,е
303,
306,ˮëС
313,һɾƾζ Ʒһɾƾζ
317,Ʒװûмϴˮͷ
329,Ĳ⣡
338,39ǿоҪá
345,Ůģ˵ãǾĺ
353,û
358,ϴͷɲݡ
359,%%%%%%%%%%%%%%%%%%%%%%%%%%%%%%%%%%
368,̫С
390,ë  ͼ
403,û
404,鹺
411,ûͣΪʲôûͣ
438,ôô۰ŪҲû
450,⣨M&amp;GHAGR0231 ͲװԱо0.35mm 12֧װ ɫɫ
451,û˰£װݰˣҲˡ</br>
453,֪ǲǴۣᾧ
460,δã
465,&hellip;&hellip;&hellip;&hellip;&hellip;&hellip;&hellip;&hellip;&hellip;&hellip;&hellip;&hellip;&hellip;
473,յûãú׷
499,..........................
503,ûзҡƭӡ
506,ÿϵ;
508,һɫɫΪһΪһŶ
521,ʱδãֻǿŰװۡ͵ʱͷڣȡƷǣӲӡûзڣԵ¹֪ôڣ
524,ֻ˰³ͷûˡпͷһһʼҡڡǺǡЦˡ
534,Ĳôľͣ
538,ڶιˣһǮһֻ
545,ûʲôáࡣ
548,һŲ̫ϰߣе©ˮ
558,ЧûٵȵȰɣ
561,ûã
566,Ҹûǩգû
567,ϴߵ
569,ˣһֱ
584,ʱãֻˣʱױƷǲ
596,ţ
607,ܳϵǺҪ
621,ĺ񶼽ˮһ
624,ҪˣŲSNH48.
632,Ƭиڵ㣡ǲġ
646,ûװȷǷΪƷ
687,̫
688,С
691,Ʊ
699,У
703,л㱻л㱻л
710,ûʲôĵҲò֪ʲôо
711,  ڻŰťװƷ  ûʲô
714,µģ֪Ч
720,˸ͷͨҪɫҲӦˣյû
726,һҲûëиɶ
736,ڴ濨ֻûзӦ ֪ô
766,һƣ˻δ
767,.....mmm
768,ʲôûյ
771,ӣż۱ȸߣ
773,һ....  
782,رе
784,ʱûȱŶ
789,ͷرࡣ֪Ǹϵ̫ôˡеĿھûס
790,ǴʱҾͲȥһ
795,غͷĤһõģƷͼƬ󵼹˿͡
797,˵ǶǶȰɣ⻹ûеȰ
820,
843,ʲôȻӣԼûԹ˯ֶ
871,ףǲ֪ɷǷȫ
875,̷۾Ȼ20115·ݵģȥһ
878,[׷]?ǣ
880,ձĲһɫζһûͼƬ
882,yonglemeiduojiujiuhuaile
913,out LOMO wwww
917,ʮһأ
932,ǰ
942,ǵ÷Ʊ
944,˯ʱӦûѬɡоζһǺˡ
965,ʵƬҲ̫˰ɣ⵽ǲһ
968,ҿŰ
977,еС
982,122
987,ŷڵĲ
1007,յĺ̬ܲҲܺɫҲƯ۸ҲʵֵǴһ
1012,&hellip;&hellip;&hellip;&hellip;&hellip;&hellip;&hellip;&hellip;&hellip;&hellip;&hellip;&hellip;&hellip;&hellip;&hellip;&hellip;
1034,϶ǷƷʪţһ㲻͸ҲҪϵ
1037,ԼԼԼԼ
1038,ûʹ ֪&hellip;&hellip;&hellip;&hellip;&hellip;&hellip;
1040,ڻûʹãĵĲƷ
1046,˼ͷʹУмأ̼ҽһ¡
1048,........
1054,ʱûʲôŻݰɣ󿴵ʱһһһ50ģ
1063,miniҶƬС޷磬áʱ˷5Ԫ˻˷Ҫ8Ԫ*ԪƷѡ߲ο
1071,ͷûƤ˺
1072,򲻵һ¾Ϳˣ
1079,buzhadixxxxxxxxxxxx
1088,ûлױޣƭ
1089,ûûû̫
1091,Һѹֱӵ?
1097,С
1108,*
1123,ʱһֱ֨֨ ֪ô
1130,ԤҪãǷеС
1143,
1149,죬ЪˣһԵ⣬ұϵƭˣ
1155,ۣиһɵĻɵģ뻻
1166,ϵ˼ֱû磿
1170,Ǯ
1173,˵ʲô
1179,˼ˣжһѿûַѿǸͼƬϵֲȫһأֲ
1196,һιڻ
1209,绰ģ%طغϷ
1216,һʱ䣬оû˵Ч
1223,ûأ֪ô
1227,ûƱ
1238,Ҳһ
1244,ûõģһֻû
1256,̫Сˣжķ
1284,һֱãһζ
1286,ֵ*
1293,ĺС
1298,ˣ̳ϡˡ֪Ϊʲô
1309,ֻۣ˵ԺƻױƷҲˡ
1324,@С ֻյ治˼ֻе㷢
1329, ƿˣ ÿƿ35ͻϣûʲôЧ ˵ö˷·뷢֪٣ƿ
1338,ȲûʲôЧҲûʲôζ֮λƷһ㶼
1347,[׷]ҹ˵ǻϣ˻ˣһ˵ڶû˿ÿ߿ͷͷֻǻǸ˵Ҫ̣ʲôҪôãûôġ
1352, ĶֻѹǣԼĻֻ˵ֻ̨pro8[׷]
1356,[׷]ˣûκ
1365,е󣬶˵
1367,ɫô
1369,ģ˫ֽˡ
1384,СԼû
1402,ûϸмӡˢ
1408,оϴĲǺܳס
1421,ûбעڣΪʲô
1430,Ͱοһо˺ûûʲô𡣡
1432,gcjhdfhdfhusdhudhuwdh
1438,ʲô⣬*Ԫӹ󣬰ϵˣ͵ҩˣ
1439,ʹС
1441,ȷǴţƤ
1444,վȥΣÿضһ
1450,еСѾ߽ܲͷ
1452,ùˣϰùͲ
1463,ģѷӦ󣬲֪û
1468,***
1496,xxxxx
1500,ӱˮҲûʲôЧ
1517,͵Ķûõ
1519,?&hellip;&hellip;һ
1522,ëûУҶϵ
1537,ͼƬвġ
1538,ȫùˣƭӡ
1539,һһһһһһ
1542,ڹϻ
1545,ô;Ūûˣֻ˪
1554,Ŷ
1564,û¾ͷ   ֻг  
1596,ֻ1/4ȦšUVϺˡ
1600,gjgdhhfchju
1602,Ůѵģϲ
1604,ǽģ
1606,λģûпʼʹ
1614,㣬еСֻ29Ŀ
1617,һ?
1622,ѽһ·;ͻȻ壬š㾫ҲŪǰȫǡ
1624,װappҰװappʹòˣôʹã
1628,û򿪿   ô
1636,һ㶼û
1660,ʲôȡ
1675,:յû
1688,  ֪ô
1693,û
1695,ڴƷЧҪұС&hellip;&hellip;
1708,ѹˡûءԼԭ򡣡ûϵ
1717,ǧǻĳǰѵʦװȵҹʮҲûͷʲôҲСǧһǶ
1720,ڸоϳ***Ļ£***öϵģ
1737,˺ûЧ
1738,ʵرƿûȫ֤
1744,**ͷʲôʲôǵøֻ
1747,
1753,͸ǰ      촩һôɻ
1765,Ҫ
1768,򿪰װͷԱСĻ
1771,޲Ǻܴ
1784,ûʲôã
1790,´˸ûһȹӸûһơ
1797,൱ĵ簡Ӵ2º800
1798,
1806,ʱʲôЧ͵һΪʲôǵģ
1813,ͼ˵ģ
1820,PKŶŶYY
1827,ɫûѡ
1844,ӾͲ˵ˣ¿һģǴ˳糵
1846,
1847,
1854,ԭװġ[׷]
1855,&hellip;&hellip;&hellip;&mdash;&mdash;&mdash;
1856,Ϊʲô߳壿
1858,ȥֵģϲ滭֮ǰڵϻǽһͺö
1860,ûôʾǩ
1863,ÿڼ۸
1870,hao
1879,治ô
1880,˲һ 水
1894,˵õƷأ˵õأ
1896, ߸û
1904,϶ǽɫ ܶ񡣡
1914,嵽Ͳϲʲô
1916,&hellip;&hellip;&hellip;&hellip;
1942,̫С
1943,ôһĥɰֽҲ
1945,ھʮθֻĤû£ϵùֻ*
1948,...................
1951,"ûֽ,ƭ˵ġ"
1961,Ժֵ
1967,յ˻ûãյĸͼƬһô˼ͼƬıӡȥģɵֵȷʵֽȥģ
1977,-%-%-%%-%%%%%%%%%%%%%
1993,δƷǲˡˣ
2005,ûأ㶫ģʵһںܽ
2008,ů
2009,ÿζ
2010,򿪰װи˷ƿˮֻʣ¸
2020,ȥ簡ӿе
2023,ûûûûõĶ̫
2036,ûʹã֪ЧԤ칷ʱá
2056,ûж
2060,"û,ѧϰ"
2085,ԼģҪʮְ
2099,һ첻û
2102,ֻ29.7Gûʲô
2128,ҵģ죬ˣڸЦ
2130,"ĤζרĲͬ, Ĳ."
2139,
2140,ڱԿϣʾû磬ô£
2147,һЧû
2190,
2193,ҪģС
2194,ûãúۡ
2209,ûɶЧ
2213,Զ ûʲôЧ Ƿ佺
2219,5.56E+14
2221,оЧ֪ǲ˶
2234,˼ֻǿˣֻ
2235,
2236,û˵
2239,̫ˣֱ30
2244,еС  Ҳ30Ǹе
2258,ȥֻܵ
2267,һЩ[׷]
2268,Ѿյ̫װˣпհװ
2274,ŷŵıȻ㡣Ǹ
2285,ҵȽϴ󣬵һιԺʹúۡ
2289,ʱǺģʱǺڵ
2290,ȻƷȻ
2295,ģ˵ ֻ  Ƿ &hellip;
2297,Ѷģûãú
2311,ر𲻸Σϴװûúӡĺ
2316,ô
2318,һǺõ
2320,õ
2331,̫죬һϴ͵ɫ
2354,ڻڻûء
2368,겻ݾͽ*Ǯۣ
2378,ӣֱܿЩС
2379,1234567890
2390,˵ʲôˣȻ*ģǼȻҸˣҪã929ĵİɣ1010ŲյͲ˵ˣõѾѹĲˣǰͷĿѾˣҲҵ˻ˣɡ
2391,&hellip;&hellip;&hellip;&hellip;
2393,յûãұѡɫȴҷ˸ۺɫ
2394,õŶ
2399,ҲҪˣûô񣬾еζѡ
2404,ûã֪ʲô
2406,òÿ
2415,ֻ䶳ľûãֻܱʣ
2423,?&hellip;&hellip;&hellip;&hellip;&hellip;&hellip;&hellip;&hellip;&hellip;&hellip;&hellip;&hellip;
2425,ˣ_һֱ__ӵģϲ_
2439, ˵һֱ ȥֹ֧
2450,̫ˣ绰Ҳ˵ڴ绰ȥֱӲӣ˺ü绰ӣõһҼҵңԺͨݣҪͨݣֱӲҪ˵
2451,ģ֪ô[׷]
2454,iPadĳһξûˣiPhone2&hellip;&hellip;
2463,
2468,.0..........
2473,壬ӿɣ֪ܻܲ
2488,&ldquo;ǫĭ&rdquo;&ldquo;ǫĭ&rdquo;&ldquo;ǫĭ&rdquo;
2491,Ƚϴ е  ͽۡȥ
2542,Ǻ
2543,
2551,޷ƱʾƷûз
2555,ûѡ
2570,δʹãоӦû
2577,СССС
2589,һƿ˲4ξû
2595,ģҲû
2599,̫׶ˣһھͶˡ
2609,ǳ˻
2615,û
2618,ڸյûлûпһ£ȽϻȥԺЧۡ
2622,ŶUsb3.0ٶ10MţʺǸuٶȶ40Mң65R̼˵100Mٶ14Gã2Gҹˣ
2627,оû
2645,ϵŲϸ
2670,ѾС˻Ǵ̫ˣ
2685,õ
2686,ûʹãʹú׷
2689,Զ˻
2702,¹ֳˮ?ԶԶܸоУԶػҲû
2709,
2712,ûò֪Ч
2717,һǮ һֻɣ
2727,һ򣬻ûò֪Ч
2750,ǧҪˣʣౣڲһ¡
2771,һ򣬲֪Чô
2777,
2780,ǸƤԭ һ Ƥ 
2786,Ұ²յʱҪǾȱʱ䣬пͷ̬ʵûа취̫ûһġҪ˵ĵΪѰҸģ
2797,̫
2813,ֱ350ԪʲôƷ
2831,Ʒ
2837,յû򿪣ɨûнǷġ̼Ҹ͡
2844,XXͽۣдʲô30챣ۣߣԺҪ
2850,Ȳ о3 40׵ ̫С ٶ4
2864,ҪǿҪ˻23µĵ28ŲյҷڡҲͬһоȻһ·ߵˡյ֮ǰһõһ˿һһҡͶ졣ɺݵǴϵ֮󰴳ּȻ
2901,vs ֻʿ
2903,
2908,
2912,ʲôôʲôû12ûз
2917,鲻ҪȥʵȽϺáĶһ·ôһֱͰ
2945,ûʲôоƵ
2955,û֪զ
2963,ʹûʲô
2972,˻ڣ
2976,
2978,
2990,ûʼʹã֪ô
2992,ûʲô    
2993,ӻˣôûйԱϵװʦŰװأٲװҪ˻ˡ
2999,յˡ֪ò
3002,Ϊʲôֻ28.96Gأ˵õ32Gأ
3013,ͻ5Сʱ󿪻䣬ͻ˾ǽ˹ģΥ˰Ҫ
3018,&epsilon;(?&omega;?)ҹŶ
3023,&hellip;&hellip;&hellip;[׷]
3028,ζҪ
3047,ǰ
3048,Ͳ̫СԷѾ뻻
3076,ӣ
3082,˪ʹһ֮󣬺ɫĳֿ״ظлл
3086,һֱƷÿζöڻ
3093,ʵʵ˵ר͵Сζһһϵζصֻۣ˵ʱר͵СҲЧҲع
3101,ûƷҾϷŪͻ
3103,Ʒǲغװװдй죡
3147,ҵƷأûһҼƷ
3148,ɫô
3157,˺ö飬ûҵڸڣô
3177,һλĶû
3184,ûã
3195,û̫СˡҲûԡ
3196,Ժۡ
3220,ʱ
3222,ֻʱԸһ£
3227,ˡ[׷]
3245,ûôҪأ㲻
3258,ϵƵãϵװû*
3259,ûһöûУĹӵ
3274,ûеԡ*Ǯһ
3275,ûе
3284,Щ淳ȥ˳¸ֶ&hellip;&hellip;
3286,ˮ˼¾ð
3302,֧5˶ûеҲǲСĵյǶûյҸô
3306,úúúù
3309,ģ֪òã
3310,ثһ
3316,
3333,ûյ
3337,պϰ
3339,˰ˣϵİһֱڣ
3351,û滻װ
3356,!!!!!!!!!!!!!!!!!!!!
3365,xxxxxxxxxxxxxxx
3384,ое
3410,ûʲôЧоûõһ
3418,Աװģˮߣұߣæ˰죡Ҫˣ
3432,ҲµΪһû
3433,൱ϲ&hellip;Kitty˵ֱholdס&hellip;&hellip;
3441,꣬գ20175£ڣ20169¡ϵóҳûйڼΣϢṺ
3444,Ȳ˵ôΪûյǮˣ</br>Ҳ˵̼ʧ</br>̼ңһǱȥˣͶ̣߱Ͷ315ϣֻع
3451,û쵽©磬ڹ©
3462,Ʒһ㶼һɢ㣬һǶ
3468,յûأ
3488,ҴӲôϰ·Ķθҳ׵ˣЬô˵ʺ
3490,ͽ *̫.
3494,..............&radic;
3500,ͻˣ*˶
3512,ģҲ֪ò
3514,Ĥ*ǮһŵĻ
3515,ҷ˸Чǿ
3516,δ͵ҵַﳵ3
3525,ƿˣûëױСˣܻҪְ...
3530,bmybmybmy
3536,ʹã
3549,ڴשϴ򻬣·߲
3564,ûá
3568,ܲ
3578,ʲô30ձۣûͽۣû
3588,ҳһ  Ȼҵnote2 С׵Դ   10000еˮְ
3592,ƻˣһƷ
3599,һСʱװȴ̨汳˿༸С˿֪ǷӰʹá
3605,ݱȱ˵õ&ldquo;ľ&rdquo;öˡ
3609,ϷûϷ֪ƷΪʲô
3624,&hellip;&hellip;&hellip;&hellip;&hellip;&hellip;&hellip;&hellip;5̨
3629,ģһû
3643,ǿǶ
3647,
3648,צ
3653,͵װѾˣ
3657,˶Ƶʳ̶ܵ
3659,˼ͽ
3666,ҾһΣʮң㶨ǵҪ˵˵ˮЩ
3689,һγԣڴ
3703,
3705,û˵ôΡ
3718,˵ˣһ͹͸;ͷմߣ·*
3721,ǰʩޢQ10ͷƤм
3722,Ȼп˿ûװãɢڰװڲܽܡ
3731,ˣˡ
3753,ɫŪظ
3759,С׹֤Ϊ&ldquo;Сֻ&rdquo;
3763,еأ
3772,оò̫󣡣
3785,ܺϣ̬غһٴι˵ģɲٱ˵㣮
3789,ûиСãе
3790,ǰڼùڻûпʼ
3792,յĻͼƬһ
3796,ò
3804,ֻ2/3ƿֻ2/3ƿֻ2/3ƿκܷ߰װĤûҶǲǱ˵&hellip;&hellip;
3815,ΪʲôҲǲֻ䶳ˣʹ
3830,©ˮ
3833,ûоƷ
3840,һǮһֻ
3841,еô£
3850,ǵÿʱƷѽ굥Ҳû⣬Ҫ5ԪݷѣյҲûƷ
3856,ûʲôЧ
3880,ζ֮ǰĲһɲ!ϴ̸ˮƵġװȻʲôװҲ
3895,ĥ𣬺˻
3906,[׷]ûʱû⣬֮ǰûǿ⣬Ӳᴦ
3913,****ֻ?[׷]
3916,%E8%BF%98%E6%B2%A1%E7%94%A8%E3%80%82%E6%9C%9F%E5%BE%85%E6%95%88%E6%9E%9C%E3%80%82
3938,õ漼Ҽһ
3942,ֻѪ[׷]
3959,û
3960,һϣķټȫǶƴյļƷƣ2013顣
3985,ƷƣС
3990,_ݣ_Լ__
3993,ûã׼ȥ̩
3998,ȫòˣѲֻһζûϡ
4001,ûһ£
4002,ͼһֻװͷеۣ
4008,ԭӰʣһ£оû仯
4011,û ֪ôŪĶ
4012,ûյô۾ˣô¶
4014,ûע⣬Сװһμ
4022,ʲô𿪰װó͵ˣͼ࣬鲻Ҫ
4028,ûԹ񽱺ƣҲһû鵽??
4030,ʵ벻ľȻô
4032,ζŮˮһζ
4042,Ϊʲôڼ䲻ԤԼװΪʲô˵أ
4045,il;y;yuhkiyhkhgtjgjl;h;
4050,кߣǴ?
4051,еˡ
4057,յˣ
4086,Ҳû
4109,ûʲôãû
4130,ƷûУҳˣ֮ͨŷĻƿҳ14ģֻʣˡ
4148,?('?' )?                             (??&omega;??)?? ?('?' )?
4153,Ƕ֥ƷƣҵƷƣͷԼϵֵ̣
4159,1ͽ100ʾ˲
4160,ڴЧŶ
4162,ҲһΪĤ
4164,ѡʲôݣҪȥȡʮӣڿû͵ң͵¥аɡ
4167,Ƚȥ?
4173,Ӧ
4175,?? (SHARP) LCD-50SU460A 50Ӣ4KwifiҺƽӻɫ
4181,ûãʹúȫ޷ŪܻͣҪģζ
4193,ͼ˵ģ֪ô
4195,ˮе
4201,ûʲôá͵ 
4215,ʲôֻûźţ˿п
4222,õСãϦҹʼõģÿҹʹã12豸Ͳˣûн
4223,ˣһãûʲôĸо
4235,ͷµĵû뵽ڶ͵ˡ
4245,/״ι򣬽Ϊ_
4251,..................
4260,
4268,鹺
4269,1ǻ˿ 2ζ֮ǰѴӹĲһζ͵ľζ3ŨȽ֮ǰϡ
4273,ܲΣδζϴ¶кö൹´βˡ
4282,δʹãһڲ̶ܹ
4294,emsǹ˾죡
4295,һһһһһһһһһһһһһһһһһһһһһһһһһһһһһһһһһһһһһһһһһһһһһһһһһһһһһһһһһһһһһһһһһһһ
4296,ֻҪ˵ΪʲôҿƱôѣǹˡ
4297,йɴ׵ζ֪Ϊʲô
4303,Σÿ궼&ldquo;Ա&rdquo;϶һ겻һˡ
4334,ƭӣʱ28ģյֻһƭӵ
4338,/7/7/7/7
4341,տʼʹáûʲô
4348,
4358,ˣҲûʲôЧƭǮİɣ
4360,Լ۱Ե͡
4365,Ƶʱе֪֨֨ʲô
4377,һγ
4385,ʵͼƬ̫ԶС̫
4389,ĺ˵һ㶼һˢˢ
4395,ܰף˺ĤȻкӡͿͷϵ˼˵ҷĻǷ޻
4400,ȸոյģ
4402,󣡣ղõı
4408,˵õ͡ûСôҪ
4416,պŴ
4417,ȷʵǴ
4418,Ʊأ
4434,4û
4437,ӡú÷
4460,ģһ ҸǸƭӣǧȥ򣬼ʮ鵱͸
4465,ǰù Ĳզ оϴˮˮ ϡ 
4474,ĹʱƿڸûܷҲ˵;ĸ˻Ҳö֪
4475,˺üûһЧ
4492,waifӡ
4498,&hellip;&hellip;Ȳ˵
4501,㲻
4502,Ǿʹã޷ɹЧ
4505,úúúúúúúúú
4514,ʱûЧ  Ҫ
4515,
4516,ȵֻûʲô硫ݻû͵ҡǰ򾩶Ķ͵ҵ
4535,....
4539,ݡ
4548,һǮһֻ֮ǰĲ
4549, ûǮ ֻ˶ ۿ
4559,䶳  Ȫˮ?
4585,ƹϲͼƬϵƷֻ֣ѿĿ
4587,ƻòˣ
4590,ϴ_Ǭ_Ҳ֪___
4624,һ㻯ƭ̼ҡҲž̼
4626,ʵһ
4629,̫
4631,2015ײ
4633,ʱֵģ
4643,ǰα棬ҪοͿ㡣ڶڰװ롣
4652,ûյƱҿС磬ֻ͵¥£ûͻţԼ¥ջûκǩͣûκյƾ
4657,оûʲô
4665,˵Ļ
4667,618һװɲզ
4670,ϣܹŻݺۿۡ
4688,ʲôⰡֻƥ䣬ǧ
4705,[׷]뷵
4706,װˣоȱʲôͼеС
4711,ǼҲƷ
4718,ҳ
4725,ûЧ벻
4733,ӪĶҲбġ͡
4735,ѷôѷ÷Ʒ̼ƷСǮĴ˵ˣټѷȻ黹ų̽ۼ75ԪдķƷ𣿻˻!
4738,ֻͲǶȶһ
4748,..........................
4749,ûõôǩˣ㷢ˣ
4752,һǮһֻһ¾?
4769,еС!
4774,̫ˣе㲻ϰ
4777,´ӦϣĽǺǺ
4789,? С  4A ȫͨ 2GBڴ 16GB ROM õɫ ƶͨ4Gֻ ˫˫
4793,ģĵˣ˵ϴӦһģû
4795,ʵͽܲûн
4806,Уʱδ
4816,ôʹʱװҲûа ͬʱҲûоܱʪ
4821,õֻû飬Ժ
4824,ϰ  ꣡л񹲺͹꣡
4836,ȷʵûյƭ˵
4860,ģ֪òãʲô
4868,˵Ƶģƭ˵ģ
4889,ףֻˮҺ׵ϴأˣ
4908,ûֽаװ򿪸ӷֹܿھȻûܷڣʹã֮ǰĶֽк͹ܷܿġ
4926,ڳ䲻˵ˡ
4930,ģûߣ˻
4942,˾µһʹõ
4953,ţ
4958,?(????)?
4967,޷Ĳ
4976,̫ˣĲǺ롣
4979,ƷĶ
4994,Ȼ˵֣ȡҲû&hellip;
5003,_ϲ_
5036,鼮յ뷢qq䣺150432705лл
5037,ҵҲĶûˣܻµĲȥ
5040,һ㲻ˮõƬƨƨʪģӲ
5043,ΪͽĴӺ_(_^_)_˸͸ĴΪʲô
5052,ģоҵҫ8Ҫһ
5056,ȫûЧͷмˡ
5059,ˣ
5060,һ˿
5081,yyyyyyyyyyyyyyyyyyyyyyyyyyyyyyyyyyyyyybbbbbbbbbbbbbbbbbbbbbbbbbbbbbbbbbb
5085,ʵڴ60  Ե̫
5086,͵ĶҪۣ
5091,Ļ󡣼۸
5098,˵4Gڴ棬ûһ²ǣƭƭˣϣҲҪˣͳţƭӣǵģ
5108,ЬҲѿ 
5110,൱ã۸ˣ
5123,˵ɶӣҲ˵ɶ
5133,
5150,µ5ŲŷѽϵҸûзӦ˵ģһǣ
5170,Я㣬Я㣬Я
5189,ģ֪զ
5190,õ
5199,̫ƭˣֱϵĸо
5202,˻ֹ֧
5203,ùоûϴһ
5221,<br/><br/>ͲҪ
5222,ûɶ⣡Ψһ һǷˮһ¸͸ϾͲˣҪ
5225,
5230,..Լʹõnote5ͷ13005sҲ1300ĳЧܲһͼԼԼ
5231,о;󣬳װƣûɶ
5232,궩!ƭӡ
5248,ͷֻظ仰ģ
5258,ûԣ֪ζ
5266,ʲôҶײأһB
5270,%E4%B8%9D%E4%B8%9D%E5%85%A5%E6%89%A3%E4%B8%A8%E5%AD%90
5280,˵õ͵ĵԴأ
5285,
5297,״װǿϵĻƹˮ
5301,۸ȽŻݣ2018׵
5303,  û֪ͨǩ   ҪԼ绰ȥʶû
5329,Ӷûյʲô
5332,ǻ͵Ƥ꣬оϵˮֱ
5336,ͬ1.5ƥ
5342,
5343,5Сʱ2Сʱ
5359,֪ôӲ
5361,588896654478
5374,Ǯˣûյ
5381,
5397,ǵ¶ȼƲ¶ȣ䶳-19ȣҿ6Ҳֻ7ȡ˻
5400,Ҳ֪ǲƷǰĲ̫һζáζҲܿɢˡҸоƷ
5401,Сˣ뻻ͷͬ
5411,ҺȲϰ
5412,"һݼǮһݻ,ĤСһȦ,±ߵǻʵ.Ժ󲻻"
5420,ûãƿûһЧƭ˵ġ
5430,ûյκε绰šʼѾʾˡ
5435,ϰװǴ򿪵ģƿҲûз˻
5438,kawau Micro SD/T-Flash TF
5440,ڶûãˣھ
5460,ֽʰ4180g*10оֽ
5462,
5463,Ƭ׵ľеģʵջûС
5476,%E4%BB%94%E7%BB%86%E7%9C%8B%E4%B8%8A%E9%9D%A2
5486,оһҪúö൫һҲûСоͺûһ
5490,֪Ĥʱûûʲôԭʱ򣬽ҿĤֻ֮пҷ˼ΣƲˡˣʹջðɡ
5494,ۺװһûϸԹҲϤҽӵûװþô˹ܽӵҲ
5501,ûЧԺ󲻻
5506,ûյȷջô
5515,46ƬҶӣյֻƬҶӣ
5531,88525886666
5535,յˣȫᾧˣ֪Ǽ٣
5538,ͦ&hellip;&hellip;&hellip;&hellip;&hellip;
5550,һҲû ˺ûһ
5568, ά͸ԺҲûɻСʱ˼·;һһģˡǰõȫͬ
5590,һ һ
5594,..............
5612,ղؾˡҪ   Ҿʹҵ
5614,һǶˣĤۺ
5616,
5624,ǹ
5628,յĲƷ
5629,һֻܳһ磬һǺ
5632,ûʼò֪
5638,ڻû[׷]
5645,оƾŸɸɵ
5660,ζ̫֪ʲôϣ
5661,ֻ**
5669,
5686,е㳱 㲻ȼ ûʲôЧ
5699,11111111
5703,û͵أƭ˵
5723,"ò״ؼңһ,Ҳ̫С˰ɣ"
5726,ʱԶˣҲ***Ҳû˵ʲô
5727,֮
5729,ߵƻˣûõġ
5734,ʡȼ
5748,Ʒ   û    ڰٶϲһ   ˵绰ϵ    ֪ǲϰд
5753,ûյСĵ㵽ջˣ˸ҷϢ
5757,Ʒյ  ֪ǲ
5759,ӦǶֻģģһ£ˣ˵ʲôأϹ*
5762,ʱֽһҲˣԡ¶ѹĵطǵģˡ
5773,ĵϿͻˣһֱĵ&hellip;
5776,
5786,ˣû400MLµ²
5790,úɹ
5806,̯*
5819,ûãù?
5831,Ʒ϶̫
5832,Ǻõģɫϵȫһ
5848,һ
5864,ǺǺǺǺǺǺǺǺǺǺǺǺǺǺǺǺǺǺǺ
5877,
5883,ȥ170175ԽԽ
5890,      
5893,򿪰װԵĥĺۼ֪ô
5902,һߣ^_˽Ŷ㲻֪
5909,QWERTY
5910,ܸipadϵ
5917,Ҫ30ɹ 50ĸоƽʱò
5919,WPKļʽģװ׿о˸ܻҲҪѽ̳£ֱ
5924,ˣװﵽǣ
5926,Ϊʲôû ̯
5943,Ҵ1֣Ϊû0֣
5947,´μ
5955,hhhhhhhhhh
5970,۸ˣû䣬ģλԼǣνˡ
5973,.......................................
5982,ŸոãûЧ
5988,䶳̫Сˡ
6000,۾ŨŨľƾζҲ
6002,ӲȲԤһ
6019,ζȽϹ֣ϴϵķɹ˪ˡ
6023,װб𿪣ҲˣҺֻʣһ롣ԷɫûһãǸɹ˪
6024,һ͵Ʒأ
6031,ĶȻ9컹ûҲ֪ǲӹ٣ӡķ̬ȣԼ
6055,ʱûȱŶ
6058,ӪĶҲȫţӴСİ
6059,~~~~~
6079,
6083,һöûУ
6088,[׷]ײһг籦ѽôûյΪ˳籦ĵײһģôûа
6089,Ʒ
6091,տʼ˼֮
6100,ûãǸое࣡
6140,յ-㣬һּǮһֻ
6150,־ͳ˹ϣòˡ
6158,ǻˣԼȥȡģԱҲû绰ˣûɶ˼
6165,Ҫõɫ   ʲôɫ
6166,֪ûЧ
6172,һƬζûУʲô̷ۣƭ˵ģ˭˭ϵ
6173,ƷûùϹȥ  
6176,&hellip;&hellip;һ̨&hellip;&hellip;
6180,k6666666666666
6188,Сģ&hellip;&hellip;
6203,ڻ2012ģⶼɻ˰ɡΡ
6207,֮ǰר Ӻרһ һθое û
6211,  5ŵ
6217,ЧҲô~~~ϰͷ~~
6218,Ĳǻͻ˸װҷĨһϣð
6237,ڻܰĦһĶûʹãʹ
6238,ȫû  ֱӸװһӵ
6249,
6265,֪ô£оζ֮ǰĲ̫һ
6267,ֻ62gƭӡ
6275,??????????
6282,ĵۣܰ
6286,粻֪ϴɫĺܣ
6307,һּǮһֻ
6319,»ͷΪʲôëëۣ֪ô죡ûиһ˻
6326,
6330,.......
6336,СЩ
6342,???????
6345,һǸݵģƷֿ⣬վ· Ҷһ죡
6369,ǽ
6372,ģÿ𶼸
6374,ɫһβһ
6377,ף෴
6382,Ϻ𣬺֮ǰͼҲͬ˻÷Ƭ䣬ͷ¡
6392,ըզ°
6416,С ҲûɶӺûֵ
6420,ųһеζоװԵΣЧ...
6429,Ǹ
6449,ܻݣĤ޹
6456,дMX4ˣһproѾǵڶ
6473,û4һ
6474,е۹Ǵĥġ
6475,ֶģ118ڵ20123£аװУûܷ⣬֪ǲǶûܷģе㵣ı򿪹ӰɹЧ
6487,Ϊʲôһι̷û˰շƱ
6493,
6515,ͣڻò
6521,ۣЧ治զ
6528,&hellip;&hellip;&hellip;&hellip;&hellip;&hellip;&hellip;&hellip;&hellip;&hellip;&hellip;&hellip;&hellip;&hellip;&hellip;&hellip;&hellip;&hellip;&hellip;&hellip;&hellip;
6531,¥
6540,8.89E+13
6557,ǰʹõĸоһҪ˻
6567,ƭ˰
6588,˵öһ֧ʵģû
6614,С˻Եһ档
6630,ĵõõõõõ
6633,û֪ô
6634,˺öණûңϵͷҪͼ̫æûҲû
6636,ϴͻ3죬ԺҵĶµˡƷû书µʱû⵽
6639,ģ˿2ˣܰѿ˸Ҳ
6642,??????
6646, һһ 
6651,ģһûлȥʵʵڲ֪ôϣԤڵһ
6663,岻ϵ簡
6668,ᵽһػǮ.
6670,͵
6671,˵õķƱأ
6680,Ϊ90%֣С3-6ܿ
6687,Ҳ˵ʲôִߣ18Ųõ
6689,ϴͷɸɲݰ
6699,û20000mAh̫Ҳ
6706,úúúúúúúúúúúúúúúúúúúúú
6709,ͨˣ
6752,ΪʲôûзƱƱأ
6761,ܷ⣬ֻ˸ϴ
6767,еϸ
6784,ֻ4û
6791,!!!!!!!!!!!!'nn
6796,ŸĲƷǧҪϵҪװ˺ͷ
6813,֧ˢֻյһ֧ƭ̼
6821, ̫ûˡ3??ȦȻ1??Ȧȴһֱϵϡʲô̬Ȱ
6829,̫̫̫
6849,3꣬2014Ѯģȴ201112
6858,ҽ
6867,ǲ̫ϵİ汾
6870,Сǵƿ
6875,Ĥûʲôˮ մס
6888,Ⱦ˸ûȾûɶôΪж
6891,ز󲻹[׷]
6892,öѽöѽ
6903,۸о
6907,ûЧ
6927,ûЬףֻһЬ棬
6959,ǰLOGOȥ
6970,ôԶͲ֪öٷ
6971,5.21Ļ6.11Żûյ ʾѾǩ
6972,ϸ&hellip;&hellip;&hellip;
6975,ֻSOS޷ʹãͷ޷ͨ
6982,ͽ١ҾͲ˵ˡʮˡ绰ÿζ˵úúáǲװɶ˼ܷܰװ
7019,ģһ3
7029,Ƿζλ쵼˺͸Я߹
7032,˵õķƱأƱأ
7045,оûʲôô
7060,ģ֪
7065,˵ģ̻ûá
7072,ûüԱߵļ͵
7083,ͼƬɫģ˭֪Ǻɫ
7089,Ч治ôû
7102,ˡ                         
7110,δյƷ
7111,ȥ
7113,ùһΣͷ˳
7121,58͵Ķδµʱ·ǣⱸעġ˭Ҫȥ·ʾۺǱ๫˾ģ޹ѽզ죿ϴˮõģĤûз⣬òˣûͳжԱȡ֪
7125,ôů
7139,ڵ￴ĸо̫һأ
7152,Ҫ
7156,<br/><br/><br/>ȶ<br/><br/><br/>
7170,ûзֵ
7174,ΪʲôķôС
7181,ûյȻǩǮ
7185,6µ12ŵ
7193,Ĺʱûںͱ
7194,
7200,оͳеĲһ ζͬ Ҹоûζ
7207,[׷]
7209,
7215,ȥġһֱû
7222,û...............
7233,1.11E+14
7243,ԭӡˢȫ֪ͬ٣Ҳ鲻˰װɭԺ󲻻
7248,Сʱûг
7251,ҺûֵģôҪ
7261,''''''
7282,պϰɣÿοӵʱǷӦͷ˵ǰͷһ¡
7292,ģ֪ò
7306,һ£иǰרʱϵвƷʱ͵Һ֪ǲҵĴòҺʵرҪϡһЩţζһ
7309,ϰ
7314,̫ˣҪ
7316,˼۵
7319,²ۡûЧ
7328,һûյ
7340,̨j12Ѫѹƣյ17%ֵ˰ר÷Ʊûѹ94<br/>½ԵԶ豸Ӫ13928313048
7354,"Ʒٶȿ촽Чö۸ʵɫĨϺܺ<br/>Զǩ<br/>ɹ<br/><br/>557򹤻ʵۺͷܹǷɱ<br/>479<br/>0,"
7357,ʹðûʲôЧƤеС׵˲֪ǲ˪ԭ۾еᡣ
7373,"޷ȡviewpad7,ֻֻʹ"
7380,&hellip;&hellip;&hellip;&hellip;&hellip;&hellip;&hellip;&hellip;&hellip;&hellip;&hellip;&hellip;
7388,ζǽûЧ
7389,ˣоͦˮģǺȦȥ˵
7393,
7398,װһŽϺȪױƷ޹˾ûвȪķαǩ һдѷֱɡ
7411,t
7431,ͷ˵ϴϴͲ?ҲǺǺϴϴ޶tmŪһ
7436,
7440,***818۸ͬ
7442,еٹ۲ʱ
7443,˵ֵôˣ
7446,
7463,û
7469,
7475,ͷˣʱ͵ˣΪɶ502
7478,ое
7481,ˣROCKֻĤiphone6ֻĤĤ
7484,&ǺǺǺúúúúúúúúú
7490,)1947䴴͹ܶһûķġǺ˹Ī˹
7507,һʱ˵ģǵڶ򣬸ûͣ
7514,˵ʵ治ô
7525,յʼһֱⲻϣ𶯣ˮֱûЧһģҲһΣ
7540,Ϊʲô˵
7555,ȫǻ  İ   ֮
7558,ˮ̫࣬һ¾
7571,е㻳Ǳù ̱б˺һĺۼ ǩҲĥ û
7572,Ӧô  3û
7573,еЩ
7574,һþˮɹ
7590,
7597,*^_^*
7599,е
7608,⣺<br/>1Ϊʲôûгͷֻߣ<br/>2̫̫С<br/>3˵17ŵΪʲô18˲ŵ<br/>ģڶòã˲֪ԱԶͺҲǹƴ<br/>
7614,ûʲôЧ˪ͣ˶
7623,ζ&hellip;&hellip;
7635,һصķȣƷˣȴ&hellip;&hellip;
7648,Ƿ϶ڲס
7649,⣬ûʲô˵ģһֱNҵĶĺǰĸоܲһԺ󲻻
7652,ҲˣڶûǸɶģ
7653,ûȣ֪û*ϵĶɫɣ
7658,ֻһξͲճˣ
7660,*򻹰װ֮б໮ۣ滹н
7669,ֻòˣҪʽfat
7671,ôЩô
7672,Ʒûеõ
7678,һΪ͸ĤѹװûУ
7718,Ȼ˵ǸƷ12ⶼ14ˡɶҲ˵
7736,ûָ
7748,Ϊ̣Ǹڴ濨Ͷ***ˣô**
7749,յĺϼĲһá
7757,ӻë
7767,е࣬ٳԡ
7769,˵е㲻markһ¡Ҳ֪ôȿ
7770,439755žžž°Ѱ
7775,ûע⿴sӦйs룬յ֪s 165 88Aģ174cm67kgϱɽˣѷͲдsmӦľs165 88Aģ
7779,(? &bull;?_&bull;?)?
7789,ͳһ
7794,296.Ժ
7801,͵Щòţûʲô
7825,͹ʱҪˣ֪ܲ
7829,.........................
7839,"ھֻ,ΪʲôûзƱ"
7842,ûʼ ã֪Ч
7844,ǿֻܸһˣ͵Ķɣ
7856,˻
7873,afsfasfasfasfasfasfasfasf
7896,ȥŮ1··ͨ
7905,ûãڵĶûУһ򿪾һ档
7908,һ׻÷ֿ
7910,
7915,Ĺϴ󣬾ۺżҾƽ̨һ̨
7917,ûãʹԺ
7918,ƨû
7933,ұ߶û
7936,ûЧĵڶֽܾˣ
7938,Ŵ
7939,ģڶûе
7940,"װҪ 700 ,ÿζӹ, Ĳ˵ɶ,˻ͽ,һǼҿյ"
7954,˵õ͵Ҳ֪
7959,ʱѾӽ
7961,Ժ򾩶Ӫ
7962,
7971,
7996,123յúȻõζеĴõζǸоôйɻ¶ˮζ
8007,һûյû˵ջ 빫˾鿴
8015,ı߿Ѿˣûã
8021,ûù
8024,ģûá[׷]
8034,
8037,ζ
8038,1ĽԼò~~~~~~
8047,򲻵6-10أоֱ1-10
8055,е
8060,ûкӵģǵ֧۵ġһ֧ҲûУ
8080,ôǼ?һ˺ü?
8083,ҲΪǺǺ
8085,
8123,ˮ𣿣
8129,һʱͳ⣬15ȥάˣû˻мǮҲ500ڻڼάޣûû
8138,ڻûװæ͵棬
8152,123456
8156,ԼãһΣһƬһƬĺ졣ˡ
8157,ǰĶǰõӵǰˣֿ̫̫С֮ܶǰ
8159,֪   û
8166,͵ģ˵
8183,ŵ
8192,ֻܴ绰ǳ磡  һҹûʾû
8193,˶ڴ濨ȷֻ14.42G
8211,ڲ۲˼ֻѾˣûгʲô⡣ϣԺҲҪ⡣[׷]
8212,2016122µݲֿⷢ125յɱ۸692ƿ750һƿ300
8221,ûһ߶ȡݣһ߳磬ﲻҵҪ󡣡
8224,                 ٺ
8232,ȴ¾ѵ
8242,ûзȱ
8245,
8247,***һ
8256,Ҫ
8259,û˿~~~~~~~~~~~~~~~~~~~~
8265,٣Цĺܰûö
8266,̫С
8271,λ䣬ǲҪĶ
8276,˼²۵
8284,ǰεһֱûأˡ
8289,32G ʵϾֻ27.8G ͷҲ ô˵ ΪƷ&hellip;&hellip;
8296,ۺշѣװҲ֪ô
8297,û
8298,ֻ29ѽ&hellip;&hellip;&hellip;&hellip;&hellip;&hellip;&hellip;&hellip;&hellip;&hellip;
8306,̫Сˣûʲôô
8312,еС
8321,ⵥ̸ˣ1120ģ1214Żû֣˵οݡ
8325,ģڶˣûŻ[׷]
8326,ôû
8336,װȥ3Сʱûˣһĵ㣬ֻð죬粻
8340,̫ˣֶ
8345,ŴһξͷⶫֱɹάҪҵĶؿǣ
8350,"αɻ,ҳʹɳ,ΩһϴͷͷƤм൱???????????????????"
8358,ͷõ
8366,ǰģ˵ ֻһֻϣ̼ұҪƭˡ
8386,"(д)USB3.0U̵ٶ?ƭ,һҲ."
8406,ÿγƶһ
8423,δʹã֪ЧΡ
8424,1
8454,û
8457,ûʲôЧ
8461,Ũ滨¶ˮӷ۵ζ
8464,"ҵ̯16G϶14.78G,Ϊʲô64Gһ4G,"
8499,ˮѲˣ˦
8508,ô ᰡ
8511,ɣһǮ һֻ
8513,3333333333333
8526,Ҫĸо
8539,ôû͵ǲǲ
8540,ûյƷ?
8544,оûʲô 涼һ ɳɳ ģ
8545,ҪСһ
8576,ѴĻͷ׷
8581,ֻһŽı꣬ûκйؽõ
8584,
8588,ֱ
8590,У[׷]
8598,Ʒ治!
8600,ûʲôرģع
8603,ʲôãʲô
8605,ʲôͻٶ
8616,һѾ
8618,ӣ
8629,ûзƱ   ޵  ˵飬ԭװģҲû˭
8630,ϲ ľǴ 320
8635,ھķԽԽˣˮǼˮԹ˵ģ涼ˮ
8636,յûãڴЧ
8637,Сȷʱеζ
8638,ֻ֪͵ĳ¶Ǹʲôõ
8648,鵰ģڶû
8651,Ӧģû
8656,ʲôûҪĿ
8657,ӲһǲһŶ
8661,4úúúúúúúúúúúúúúúúúúúúúúúúú
8671,治֪ôˣСëһֱûֺ·һΣ˵ǸëյĻǺεĲ֪أһˣȵȿɡ
8678,һûãպ
8682,ּϼ尢үү̶
8687,̨ĲһȥĸоЧҲͬ
8688,Ϊɶĸզֻҷ
8689,ۣë߰
8694,ƭߡд;ʵյʲôûСһ18ݡͷ˻˵ҪԼ˷ѡ
8696,
8704,?&hellip;&hellip;&hellip;&hellip;
8708,û ĽƲе
8715,ϴ˺ûЧͷƤмǳ࣡
8727,һ©ˮ
8731,õְɣú֪
8735,۸񣬣
8740,Ʒȫգ
8748,...........................................................
8759,ʾ20185µڣǴûõζҲϡоǰרĲ̫
8762,zzzzzz
8783,͸˾˵ģ˾˵͸֧&hellip;&hellip;
8785,һ㶼䣬˻
8797,оġԭ
8820,
8830,oooo
8837,оûʲôãڵζɢ
8840,Ʒ
8855,ζ
8864,"ˣ,Կ˲!!!!!!!!!!!!!"
8869,1.11E+16
8876,Ҳ
8881,û
8882,զ
8883,ɰɷָ¸˹ͷ
8884,֪òãȥרˣ
8891,"ֻֻ̫СˣҲwifi,ûܡ"
8897,ã???
8908,ûе
8912,ûһֱ
8932,5Ƭȫˣûʲôã
8949,ģǰĺȷʵ̭
8960,ƷҲΪ
8962,͹ζʹøо̫һ
8964,Ҳûôã[׷]
8970,Ҫ
8974,5S A1533ԭװò
9001,ĲСҵ........
9002,һǮһֻ
9008,ûֳ??????????
9012,ҲǷˡ
9025,յ
9026,ûкȣӦ
9036,ĳá䲻ϵ硣
9051,û
9052,˻
9053,ûãٺ
9056,ôûг豸
9062,ûõ_5555555555
9067,û󻬷
9077,δ⣬ڴװϣٰװ
9093,?
9097,һЧû
9100,??????????????
9104,ĵûʲôЧ
9110,ҵ̫˶ʮ춼ûյһûյǱ߾ʾѾǩ
9115,˵õƷ
9137,̻𣿲ϵû㷴Ӧˮ컹
9149,ʱҽ
9161,򿪰װУƿûܷ⣬һСܷǴ򿪹˼𣿣
9164,?ú??ú??ú??ú??ú??ú
9184,ûãùԺۡ
9190,ϴһʱ䣬ûʲô仯оȲ϶ʮǮϴ¶
9198,ͬϵƷһãƺеЧ
9208,ϵס
9215,ˮƷԼܵϢһ
9218,˻һֱõ......
9221,ûʹùҲͲĵ˲ҲͨҲð
9224,ƷڼѸ 238g
9245,ȰҲҪھ겻ڵĵڰյ
9253,Ҫſͷģӿʼƭ
9256,Լ䡢˻
9259,ҲֵһǮһֻ
9270,ڰ׵ߵϿܷܷ
9306,ûûˡ
9307,ֺ֮ڵϡ
9320,յ֣ʹС
9330,ĤоĲ̫һ
9353,Ϊëû͸Ҷˣ
9363,һʱˣϴ˶ٻҳˡ
9368,ûõ֪ЧզʱĻ׷
9375,ûԹԺ
9392,ôиմס
9395,ʱ ߷̹
9405,????
9420,ͽ*
9421,ûأ˵
9425,̫  û
9427,ģƷɳ˲ת8ŵ
9431,֪ûӫ
9433,յģûʹá
9453,һ룬ͻԱô
9457,ǺǺǺǺǺǺǺǺǺǺǺ
9463,̫СˣأֻܸСӴϵˣС鵱ģ
9467,ûκΰװҴ򿪸Ӻûзڣ
9468,õġ
9479,ûյǩգҵŸҴ𸴣иоϵĸо
9513,мģֻǱȼ΢һ㡣ͷ˵ۺ绰˵ֻǱȼ¶΢͵㡣
9516,λ   о
9523,ò
9525,ʿ٣Kingston8GB Class4
9528,ģŶ
9530,޲Ʒ˵飬ʱװ
9534,оĺô
9538,1??һһյ
9548,ƵֻһڹۿʲôⰡ
9551,ûյڲҪˡ
9586,ǵİǰְ۳
9612,˵ģƭ˵
9615,ò
9629,ʹõƽʱɼ
9630,õúŶ
9633,һʱ䣬һû
9641,̲70Ԫ ͵ĶҲû
9644,Ŷ
9646,͵˷ҪҴ绰ȥ
9648,С
9657,̨ĲͬˮһЩĤûһϳĤ
9660,š
9673, =-=ۻӻȫ°=-=˻ǲ=-=[׷]ϰԸġֻOLEDĻȻĻܾ
9674,֪ǵһλ⣬ֻܸ3000ĵسһζһ
9683,һ˵
9685,֪ǲʹõ⣬ܾ
9687,ûж
9691,ڻڻڻ
9718,ǱƵյϣʡ磬õװˮµ
9735,죬˺öСӣ
9739,ݻҪᣬҲˡ
9751,һ£һȸ
9753,Ʒһֱ
9758,**ŶҾͷؼ޿ŵ˴ŶPK
9761,ʮǰƵǵƷ򲻽飬мһܲͨôëߵͨŽ⡣
9775,ûأ׷
9776,ߣֹͣ
9778,ӦΪͮ
9780,֪Ч
9791,ûбĹ  ֻܳƸ
9794,ģûʹáú׷...
9795,",,,,"
9797,Լûȥȥ޻أ
9819,оӾֵ*
9822,ͼƬһ
9835,dddddddddddddddddddd
9857,滳ǿӵģ
9860,Է ùõĶͷɸɵ~˻ҲǴ~
9864,֪Ч
9870,˵죬ֻһ
9892,ihsihishisnjnsjnsinsininsinihwis
9942,ûõĶ
9954,յ
9956,÷˭ǷˮѰµ˵ˮ
9965, Ȼϴ֮ɫ һɫ
9977,ͼʵյʵƫ
9979,ûʹãʱ׷Ӱɡ
9990,ֻ֪Ϊ㣿һ˺ȱڲһ£˵ԭô
9997,֪ô˵ˣ
10016,
10030,ͬһ  յ  һʾĴ  ô...
10032,ϻ̫
10034,500֮500
10039,ھĵ5ƻֻ
10050,Ĳ˵ ֻߴ򵽹ܲյҪò
10057,оͼƬ̫
10064,Ӹͽۣû
10079,һЧû
10089,˼ظоûԣ
10092,
10093,???
10098,Ȳһ㣬
10099,ûж
10103,ζ֮ͬǰõģ״Ҳͬ
10118,&Sigma;(??)?&Sigma;(??)?&Sigma;(??)?&Sigma;(??)?&Sigma;(??)?&Sigma;(??)?&Sigma;(??)?&Sigma;(??)?&Sigma;(??)?
10123,ع٣Ӧһ
10131,̫Сˣһ͵
10144,̫
10150,յÿ
10157,ǳõĶ
10166,һݰ
10195,յ˸
10221,滨ģԴ
10226,2015 ô˵²  
10237,ױƷģȻյ޲ƷϵǣǼ˵ǴֱӽģƷϢѾд˲ˣҷ㣬ĶŵйרؾͱйˣƷЧʲôĶûУȻҲţ2010Ļ
10238,һǮ
10239,&hellip;&hellip;ģҲС
10244,
10264,·  Ƥȫѿ ǻ ǲ ˵ʱ7
10277,ֻһ滻װûǵģֽûһע
10282,
10308,زһ춼
10310,ûأ֪òأ
10313,Ƭйκ
10316,̫ˣǺ
10325,̫
10327,.[׷]
10328,
10330,͵Ķûһõġ
10341,ζ糬е ϴ¶һ
10346,132µ22ŵҾͲ˵ʲôˡ˵֮࣬˺üˣͲ
10352,ôûߣһѽ
10353,Яģɫһ
10359,ֽмƿûĭֽʱϴˮˡѷô̲÷Ĵ
10368,ڻˣװҲû
10377,аĦӣȥǿ
10380,ôû
10400,ͻŻҪȥȡ
10413,˼ͳ䲻
10421,һת͵!
10443,ʲôãʲôⰡ
10446,֮ǰһģ˷е㲻ܹܽ
10455,ӦɯŶ٣ǽڵģרʹõװûзĤڣյʱ嶼
10463,ġ
10495,˵˺󿪳᲻ᱻƼݣһӾƾζ
10505,&amp;:*********
10517,ѿĸ֦֪ʲô
10541,ǵһ֪ǵҵԭǿݹ˾ԭ򣬶ǳٳûյҲ鲻ҶÿҿͷҵҶ˼Ҿ˵طһҸողյòþҪù֪֮ҾͲٷϻˣ
10553,ԡƷ
10557,__±__
10580,ϲզ
10587,о̫ʹãƱȽѣҷһҪһε磡鹺
10588,&amp;quot;С[׷]
10596,̼ҾȻҷĻ20134µģĺòã
10605,֮ǰùĲһϴ¶ϴһһԶûôأ
10606,ȱٵԴ?̼ҿô
10615,ʹúûʲô⣬Ժô
10620,
10621,ûߣû˵顣
10627,ûʹãԺ
10633,***7.23µĵ28õֿʼã8.3žͿ˻ˡõĻΪά޵˵ǽˮˣ֮ǰϲ֮ûȥά޵㶼˵ǽˮҾֻлΪֻôȥ𡣣ΪֻǲţҲһˡ
10637,ģMidea΢¯ ת M1-211A 21Lɫ
10648,͵ģûù
10650,Ҷûõôǩˡôˣƭ˵İɣ
10667,ר˵飬ûУʱ1100໹ûյʱ򣬾ͽ800
10675,ϣǲת
10682,⼸ͼӾǶģģ
10684, _ ˵һ硣ϰ㡣˵Űɡ12㡣 ҾͺǺһЦ    ûɶ⡣е_
10699,&hellip;&hellip;&hellip;&hellip;
10703,˵õԶϵأʵΣյ
10713,ʲôЧûһҺϡڶ
10740,ûź
10762,ܳ磬ã˻ˣûϢ
10764,Чʱ
10781,˽˽˽˽˽˽˽˽˽⾡
10782,ú׷
10786,ûյƭ˵İ
10806,ϴкʣɳ֮
10815,ͼƬɫģôõɫİװ http://www.amazon.cn/%E9%AB%98%E5%A4%AB%E5%87%80%E9%80%8F%E6%8E%A7%E6%B2%B9%E6%B3%A1%E6%B2%AB%E6%B4%81%E9%9D%A2%E4%B9%B3120g/dp/B00499C5BU/ref=pd_sim_beauty_cnclic_6 ֧һģʾһûĭ֣Ӣıʾһΰ
10817,TͿݵ  ǹȥң ʲôѷ
10826,Ʒûյ_һ
10827,ͻͲ䣬ºˣ
10831,ΪǻƷû
10841,ֽɫѷֱ
10863,տʼãоӦô
10867,װûáԡ鶼ˡ
10868,&lsquo;&rsquo;
10873,û
10884,ù˵ɣ
10886,call˿Խôment
10888,"Ʒд10000mA,ȴ6500mA.Сר10400mA,Ҳ10400mAһþԭݵյûͻԶȷջҲûпͷۺ"
10900,Ҫڶյ  ʱµ     ͻյһŮʿ׿㣡
10902,ΪζޱǼλ
10908,еоģ̳Ĳ̫һ
10926, һ ˼ ûĭ оզ
10933,һˣƤûʲô仯
10940,??vivo X9s Plus ȫͨ 4GB+64GB ĥɰ ƶͨ4Gֻ ˫˫
10948,̷ζӦ㾫ȳŰɡ
10961,Сһƫģ6Splusû׼
10963,ɫһ㶼Ⱦģ˵дİСʱϴһ㶼ɫҵڶȾһΣСʱɫ
10964,ûˡ
10970,yban!!!!!!!!!!!!!!!!
10975,ҪǺɫģյǷɫģ̼ô
10979,ôڻûյ
10987,а
10988,һ򵽷»&hellip;&hellip;Ҳǹˣ
10989,úûʲô˵
11004, ûƱ ûƱ ûƱ ûƱ ûƱ ûƱ
11006,ڻ֪õô Ժ۵[׷]
11009,ʲôѽػҲˣ
11016,úѧϰ֣
11030,һյġ
11035,Ϳһ֧ȫû仯
11039,
11047,ûͼƬ˵İ
11060,ֻ ϣ&hellip;&hellip;&hellip;&hellip;
11061,
11069,*****-
11071,<br/>Զǩ<br/>д1-5ֻ֣ĸ1
11072,һûãͳˣĶһĽͣ
11074,˵õͰװʣװ֮ģʲôû͡
11075,
11081,Ͱ*˵ɶ
11084,ʵʵ̫Сˣ&hellip;&hellip;
11086,ģΣ
11090,ûù</br></br>
11093,
11104,ʼĻƷûзƱΪʲôӦ˶û˻Ӧ
11107,ָƣĻȫָ
11142,1  Laneige֥ȫɹ¶50ml() 1  έ޿*2 Ҷ 2  ֿֿɺУɫ6.5L LLB126C _һ_ģ__ֻ_____ɺ___ȥ___֥ȫɹ¶_
11153,&hellip;&hellip;&hellip;&hellip;&hellip;׷&hellip;&hellip;&hellip;&hellip;&hellip;&hellip;&hellip;&hellip;
11157,ȥֿݰɣ˲㻰 Ҵ绰ȥʵ Լȥȡ
11177,50˫ֻ45
11187,ûпڣûùģԿ
11193,˵ʲôʮ
11209,ֻǲСոպúܺúܺÿɫ̫ҲԼ۱Ⱥֵܸù
11210,ϴˣƤûо
11215,&hellip;&hellip;&hellip;&hellip;Ƭе˰
11238,ȫûʲô
11253,ġʱͨʱͲ֪ôˡ
11256,˻~~~~~~~~~~~~~~~ݿ
11257,ڶξͲ
11261,۸ˣյ˻ҲȡҪǮеĶӪҲдzy
11266,Ҳ˫أ
11276,һǶ
11310,ͼƬһѶյֻ
11328,װĻСһЩ
11331,èè ̫ȤèèǴëߣ𽺵ް
11336,ζǳζ͵εֱǻɫġ
11364,򹤵Ķŷŷռռ
11366,Ȳ
11369,
11371,̫
11376,оһҲû
11377,ôģ1cmľ嶼겻
11385,һĤмиСԲ<br/>
11397,ûйͲûõĸо
11409,۾ζ
11426,»ҪֵĴģ
11439,ˣϽ칫Ҵյÿɫ
11454,ϹֻͼƬȫ׵иɵı־յֻ־һһƶ4Gͼֻ꣬ɫҲһֻ¼ƵŲţʱƵСˣһСĺ
11457,ϴˮϴͷоɸɵġ
11463,ʲôͿ˵һ춼ûʲôȻһƤʲôã
11469,Ҷ
11481,1111111
11490,ûмģ޵2·[׷]
11491,???!(???????????!(????????
11496,պϰɣ
11502,ʮ͵
11503,ζ̫ˣͲǵ
11505,˵պߣҵĵûз֡
11507,ûңò
11509,1.11E+13
11510,(???)?????(???)?????(???)?????(???)?????(???)?????(???)?????(???)?????(???)?????
11512,&yen;ͻᣩhfhj
11515,"ջʱûд,еװĿҲÿζֻ͵Ӵ"
11540,С
11547,һǮһֻ ճճֻ̧
11559,һûЧҪϵƭ
11581,ͷ
11583,զõ
11597,Ҳ˵ʲô
11621,ǰµĿյҽӴƷƵڶ̨һ£ЧǺ롣
11628,İ
11629,ҾͺǺǡ
11634,ն÷㡣˾ۻᶼٲ
11639,_ûκЧ
11646,??(_&omega;_*)???(?&ograve;&omega;&oacute;?)?
11651,˻
11659,",&hellip;&hellip;&hellip;&hellip;"
11667,Ȼаɰǡ˵Ȼô
11671,ǳ_Ե棬_
11675,СĻøߵֻƻˣûѡ
11685,ȻװеĻǲף
11687,1622Ų͵
11689,&hellip;&hellip;
11690,һ___ͣ____֪_ζġ
11707,ӡ˲һžûīˣ˵õǧҳأ
11711,ûã
11717,ʱΪȵϵĶûˣΪʲô
11725,̫Сʱ
11728,ое⣬Ÿ֮ǰĲһˣ
11729,[׷]
11731,õĲ֪õ
11734,ôأյˣûãǾķƱƭ˵ģκζƱ
11739,ٷŲɫ
11746,˵õĺNoTE
11748,Ǻܶоպϰ
11762,Ǹ
11767,쳦󲿷ǵۣϵƭĸо
11770,һֱľӣ
11773,ˣȴʹá
11781,һֱʹƷƣǵһϣ
11784,궩10ӵȷջΪǰȷջû뵽Ǯ˻ûˣ
11791,(o)&hellip;(o)&hellip;(o)&hellip;(o)&hellip;(o)&hellip;(o)&hellip;(o)&hellip;(o)&hellip;(o)&hellip;(o)&hellip;(o)&hellip;(o)&hellip;(o)&hellip;(o)&hellip;(o)&hellip;(o)&hellip;(o)&hellip;(o)&hellip;(o)&hellip;(o)&hellip;
11792,20Ǯ
11798,û20000
11802,ͼƬеԶûͼƬɫ
11832,ǲôˮ
11834,ζܹܣֻȫûЧ
11836,"Ҿû10000MA,յʱһ˵˵25%ĵ5V/1AֵûôǰʱλñҲ682.54mAǿͰ1Aֵ㡣ĳ磬5СʱҲ˵ֻ5000mA֮ǰ25%=2500mA7500mA25%ѽ"
11851,ֱӲתˣ˵
11860,۸˱ʵǿ
11874,ҪĺɫҷɫģһĶû
11897,???????????????????????????
11906,һңǿͰ߰ߵģ˻˲ˣ
11922,Ǻǣľ˵
11926,˵еЧõڻûоԹۺЧɡ
11960,ûκЧ.... ϴණ?????? ûЧ
11967,
11972,ûڲ٣ƷóǮ
11976,͵ģûù
11983,ͻһ룬 <br/>
11995,hhhhhhhhhhhh
11996,ûʹãӲر
12003,
12004, kllll
12008,޷
12011,Ԥһ
12021,Ĳţ˵ˣлл̼&hellip;&hellip;&hellip;
12023,ǡ⣡˿ҡһ
12057,ٶȣ
12061,ھû
12062,ʲôûʲô
12064,ʱתʱе
12067,һСʱ͵ġ&hellip;&hellip;ڵݸŵ&hellip;&hellip;̫
12068,˼Ͷ
12071,š
12076,㣬ƷҪҲǸ
12080,
12083,.յˣûʲôЧ
12097,Ժ󻹻
12121,أоǴ_ȣҽ黹ҪĽ
12131,ͷһּǮһֻ
12133,˵**ͼƬȥ
12135,ûã
12139,ڶˡ
12147,С ๦ϴҺװ1kg+װ500g*9
12152,ϵʱ˵Ƕֱǹ⡣´βܱ顣
12153,֪ô
12168,ʱʣ3ھȻˣ
12171,Ƥͷɫ
12180,һǮһֻɣǮ
12183,û׽һֻӡ
12189,̫ˡ
12194,˲ˣ
12197,Ӧ͵ƷûУ
12205,ʾ¶ʵ¶10    3Զϵ  뻻
12207,Ϊʲô͵Ĥ4.7
12208,˺ûûɶоͲ
12221,͵Ķ  İһ
12222,͵Ļδã
12225,û~~֪Ч
12236,嵥*ʵҸ*
12240,ô
12245,۸ˣеĴ
12247,ûü
12249,װ˺ѵģװ˺ѵģװ˺ѵģװ˺ѵģǱ˵
12254,Լɫ
12262,յĻûã֪
12268,ûͷ   ´δҶ
12271,˵
12274,Ȼûxp
12276,ѶϷ治ˡ
12301,õļûһо
12316,
12319,Ļ֪ô?
12321,ģ٣˵˶ᡣ
12338,
12341,һЩطֹ
12342,ͽô Ǻ
12344,Ʒ˵4200ʵֻ2400ƭ˵ģ
12347,򣬻֪ûЧ
12352,С
12371,оϵΪݷѵģҲҪݿݷѣ治֪ô
12372,úúúúúúúúúúúúúúúúúúúúúúúúúúúúú
12375,ȫϣĻ
12376,Ϊʲô*ı䣬㷢ƱҪҵд*˭ܽһʲôԭ
12380,ʵƷû
12392,иǣƯľȻ棬Ҳˣ
12393,ãûо
12403,̫̫壬ʿֵĸоҩùЧ֡
12418,ģԸ
12424,涼_(:١)_~ȻzaĶһڰ֮ǰĸԽƤԽڡ
12426,ɽկ˵ӲŻ
12431,Ҹоķ̶ûôԶ
12434,֮ǰԳKindle桶ϱϵĻ䡷͡ûпˡûδŰ漫⣬ȫȴ30M֮εûЩȱˣн
12437,һֱüе뵶Ƭĭ_ଣ˵һ䣬ʿѡ
12456,СĳԤϰ͸˼ҺӴ㣬еòˣСܾżһ
12461,治ѽһԭס
12462,˼ûץһֻ
12463,ˣûرо
12468,ˮʱŲ
12474,едıȽϵͳ
12482,made in china һȦй죬һҪ˰
12484,йκ  »Ӧ
12490,ôֻһ߻ ˵4߻
12499,顣
12511,סֻ
12520,⣬ӣ㡣
12523,տʼã޹²ݾͻЧ
12524,ھȻ15
12535,724Сʱ ÿ춼
12540,·5ǣѷ0ǣ·һֱmѷձ˵յ·һȥˡ
12551,ź201192յĻȻǲƷ2009921յģֻʣһ˵ǰĲƷαޣ
12568,Σײ©ˮˡ
12570,10..ڶ12˰
12573,Ĳǻͻ˸װҷĨһϣð
12577,made in China ʲô ദͷը
12604,һʱ䣬оز̫
12620,һνĿ¼Ӱ⣬ֻдӵĳλ̻ﳪ⣬ˡ
12625,ԹԼû׶ס
12626,ûбף͵ˣ
12627,ԺŰеҡ 󵽽мɵûн͡
12634,Ƿù㲻Ӻϴûܷ⣬ôùء
12635,дӫ˵ֶû˻ѡ֪ɶ
12637,߻ȶȲûʲô
12638,һֻվĿ
12639,ģʱûãСġ
12645,BB˪ر٣ѹֻһҺճ۱ϣû15g
12656,ζ̫󣬻ˮϼܣ
12671,ûз߲㣬
12681,ɽկӰҲɽկˣ!
12686,ֻճɶ꣬ճ롣
12688,ԭҺӵģҲҺ尡Բ½ҵң򿪽ҸԲ
12700,ϸ۲£ë߻ǱȽ϶ģԼɰֽĥһ¡
12708,һŮóã˭˭֪
12719,оò󣬵ǼãϸоЩ
12738,󣬵ζȽǺ
12740,Ƕ˼Ҳ֪?ôġ
12747,ͬģ֮ǰһ
12787,װˣֻһСС
12800,"Ϊѧ˵,Ǳ."
12802,׺Ʒɣ¾͵ûһû滻ĺͷֻ
12807,ǳˮЩ
12808,ΪʲôûںЧ
12814,5ǣϣ´ٶಹЩݡ һڡ۷ܿ201534 վ֡
12852,ոյһļףҪã
12859,ϲ£װͼƬһҽԭǾһŵɹģƿ˵ǰĴǵģ֪ܲܳ
12864,"ͼƬϿ, ʵûô. һʱЧ׷"
12883,ͼİװһ
12894,ϣתСͷ
12897,Ч´õʱ֪
12906,ϣ߶߶ ƺɽⱾֻһ
12917,141111Ч2
12920,оӡ
12929,յƷҲ
12932,տʼã֪ЧڴУ
12935,....
12958,ȥ.9.ڶ7µ
12965,20ԣһһϰװɢŷڿֽõݣŵֶ֮һĶд̼ζҷŵǲ𿪺ŷֵû취ˣǮ׻
12971,ĺ챦
12980,ֻϰ⣬𰸶û
12993,Ԥ97յ910ջûе©
13004,֪ôû
13022,Ҹоûʲôðһֱ״ӻ˵ġ
13036,ϿƵ
13045,ճ˺һˣδѽ
13050,ɱѷĶС ֮ڷȫˣԭûжڳö࣬жӡ
13054,It is made in Mexico .NOT in US.I was a little disappointed when I found that out.
13055,йζ33MıӲͬƲõͬһϣ
13057,үĵһYankee candleǺġ
13066,˵20ƷյûУ˵ǣ
13067,ſʼмȻ30ҳһ飬Ӧװʱ
13073,ܽԷ
13082,һΣоˮҲ֪٣
13084,PrimeԱûеõ5Ż
13089,ڿʱǲ֪Ч
13093,ֶ̿ģmmѡ
13096,רҵʿѧ
13112,ôһСƬƤӣɢζ
13114,ʹУаҧء
13120,ûʲô˵ģ
13132,ҿʼΪģǹ
13165,˵èȫΣʵǳèè
13171,һε飬Ȼÿ9.9Ԫ
13173,յ˾ˣϴʲôĶȥ
13188,͵һ
13213,Ȼֻ4M/Sҵдٶ ļҪ˵
13214,ЧǺ޼
13231,۵ һЧû ûװ ȻȻһͻ ǿٴ
13232,ǰ½ȫûʵֻѧ߿ȫһͷˮ
13234,̫СˣֱˢŲ
13246,uk վ5飬йһĵӰ棬͸Ҫ85 ֽʵĲͬûɱһ۵ɡѵ˰һ
13248,̼ۣһþᡣ
13263,ѧʱ Ȼ
13291,ζǳǧҪ
13298,յƷѹϴ˺Ȼ˻ˣĻԻ˷ѻ֪̫鷳ԺԻӢĶ
13300,11 í ۾ ...
13310,쳹ȫˣ岻ȥ磬յ¶ʮ˲£ڼҲʾδ֤Ʒʤ
13319,Ч̳һ
13322,л񹲺͹׽밸ע
13356,õֻصҾ͸ ûЧ úĵڰ ץֻ顣
13369,201412ģ201612ڣڻʣ9£̫ˡ
13375,ţô˵һּǮһݻɡ͵򱾶ͯ
13384,B8-12βܵ
13385,ڶδʱ򷢳˺ѵһǮһֻ
13389,ԣ´λһ˭͵
13394,мһûãز˵硣
13397,ϴԴװģ֪ʣƷǾʣһˡ
13399,˻ˣ˿
13400,42װ21ӣ21ӣ
13403,ˣͷǺܰͣͷмô࣬ûоκμ١
13408,һݼǮһֻʱöѡ
13409,ʲôһ˵鶼ûеĲƷһƿʲôûУ˭ҳⶫ
13413,Ʒڣע
13420,һװ˵ˡ
13426,ŷĶ ϣοĶð˷֣
13431,ڵ16514ţ걣ڻʣĸ£ˣͶ
13433,۸ˣĥһЧġ
13446,ûʲôЧֻʹÿ
13457,ûɶݡɢİɣ㡣
13472,˫װװһģİװƿǻҳҳһͬĲ֪ѷôŪģƷǰҪѷ⼸ιʧлл
13483,󲿷ֶϣҲǣĸ»᲻к˻ˡ
13486,ƿûзڵ û
13504,ͬͼƬһδʹò֪ЧΡ
13506,harvard law school is my dreamland
13514,˵ƿ˰ ޻ع
13532,ʹòһܶͿѣһѾ޷ʹá
13534,е̼ǻոǿң̫Ӧ
13535,__ˢ_ˢ̶__Ҫ
13537,"Very well made, a bit tricky to figure out but if you play with it, you'll figure it out, and then it will be super easy to load/reload tape rolls, as well as use to tape up boxes, etc."
13540,ûУУʹú
13557,ëÿ˯Ҫ
13588,Ӧ˵Ͽģϵģֻܱûģʽɫ
13597,ûʲôζϴ
13599,ƿһ붼ûԵĹˣζ
13620,ϵ޹˾?ʲô? ʱ򲻻ʾ. һιûбȽ. Ա.
13624,ʵκζûɶо
13625,ΪʲôһŨŨζ֪ܲãͷ裡
13633,˵㣬ΪɶмëɧζҼèһ£û
13645,õ˼ӣ֮վסôԣ
13646,ûץһ
13650,ûЧͰˣ
13654,һֱ__ӣ__ϴ_Ǭ_
13658,ȵԼèö
13671,ûתˣܻô
13693,ʵҺƤȻ˸ʪġһξͲˣѪС
13702,ûɶ˵Ǽֱӱƽɢܻܲ
13715,˺üˣջ٣ɽˡ
13718,յҪƱǸûɭ
13719,ζȽϴϴװˣȾ
13720,һʱ䣬ˮˣ֪ʲôԭ
13728,̫̫ˣƽMģMȫXLĸо˻˷125Ԫһˣ˰ɡ
13730,ûãһЧûС
13744,ͱԣѾ⣬Զұϣ
13749,һκиȾ
13776,ͳĲһǰƿɫ״ƿɫġ
13794,̫ˣ񶯵ģת
13818,˵õ8GBôֻ7.3GB
13819,м û
13823,ûобף촽Ǹɫ
13836,",һīˮгֲʶ."
13839,ȷǲԭװʱе
13855,ûʲôرģ߱Ƚϴ֣̫ϰ
13914,ǰϰҩʴ
13917,ûùΣõʱһֱʾPOS
13923,֪ʲôȻ𽺣
13937,װд͵ľʵëʶû
13940,йȫð
13943,Ӣƣй죻ôҪϢȻ
13956,֪զûá
13978,ûûɶЧһû
13981,̫СˣС̫ˡûκô~
13993,õ ͳû
14001,һöûУܻǰЩǲУǹҪøһ
14009,Ǻ͸ Ƥ
14013,˵2DVDֻһ һһPhysical
14014,һֱ Ϊ֮ǰݽ Ļ ֻ˵ ½ǲ˵
14020,һѵһѵ.
14030,ʱͱȹСһ룬ֺ̫
14034,ƨãǱϵˣǺǡ
14036,Ϊ315عƷƣҲҪ򣡾Ϣٶȿɼ
14041,Ϲ180160˶ƨ̣Lе
14045,ֻһ̫
14064,4ߣֻ˵飬ôƴ
14098,װʵĲһ
14099,Ҳ庢ӵ⣬made in China.
14134,һ컹ζô׷Žȥ
14135,ǧϵˣЧȫûУһƿûã
14156,Եòɰˡ
14166,ƭ˵ġҲҪֱƷûκηӦ
14168,ͽ= =+++
14184,ڲͬ䣬һֻСǿҲûдҲûСǿˡ֪ûСǿػûЧأ
14198,ӡ600ҳûī
14232,ιǿƼ
14257,ʮ˸´˵ˢͷеˣ˸оëҲ
14272,еֻεʱá
14277,ջ涼̫Сѵ4ǿ֪ǲǲƷ⣿
14283,Ըԣǳ1ܺûЧǳԼı飬
14284,ǼСָ˯ȥŵԡ
14316,"_,֪Ч__,Ǻ~~~`"
14323,ӵѧУҪõģܻ
14325,ӦУտʼŲϰ
14351,һ۾ÿζҪֲһ
14355,ʵ̫Զ
14367,ǧҪǮĶ
14374,̫СˡԱ涼Ų
14395,ûܷ⣬ûаװУ˭ܸͣһζԻƷɣɣ
14414,ûһЧ̫ܲ 3
14425,Ϊʲôҵûвɫôأ
14433,ϣֺװϣ
14444,֪ Ӧûкడ   ûడ 
14476,ֺ걻״Һ
14492,һĸܣҿ
14513,mac air ʱǸbȫֻܾitunesҲ֪Ϊʱᾲ
14517,ֻһСʱ
14533,ͻ۾½~~˰Ż~~
14534,ߴҲôѽҲˡ
14578,еϵĸо;   ÿͻ£
14580,װʦҰԺܰ ˶ Լ500ҵʦװ
14633,΢ö࿪ò
14655,ϣһ
14680,"յͻ̫˵쵽յ,ۣϱԾȦ̫˲ͺܴѹһλѹȦе©.һȦȦĳҶһȦϣ͸õĹ"
14694,ζǺ&hellip;ûʲô˵ģҳ
14712,Ҫ      ⳵ֲú   ȫ̥
14772,ӣӿ©磬ϣ
14781,̫󣬱ԭװĲԶԭװһ220
14796,һ¶Ϳʼ©ˮҲۺ绰
14808,ûеզջأƭ
14818,ûҲ̫С˰ɣ
14839,̼͵˰©˰ƱҲ
14845,صǿҵֻͺţĻСôһءҲû취ȡˣĵòҲա
14894,Ķ
14912,ò󣬲
14933,ȣ_زձΣӴ_ǳĲ_____ʾ___
14971,̫С۾ûзͼƬв
15000,ƽʱ3637Сˣ˻
15017,̨յǾѾۻ
15021,ȫģȻ۸ˣǴһ򣡣
15023,Ƭˣѡ˻û취Ҫѹذ
15032,ɶӺܸȤ
15043,ھƭǮ
15047,Ƥ ζر
15125,û⣬Ƕ֪ǱʼǱԭ·ɵ⡣
15173,֮ͷоɸɵġ
15177,90ҲǸѶѶһɳһѶĸֲƷϤҺи顣ⱾǳѪڣѶŴƷĳԻڴʷôϣԼҲܸʱ˳Ϊıй˰
15193,յ֮˰Ҳڣʹ˺ü춼ûЧкö
15196,е 
15223,֮ƾζŨ оֱӾͰѾƾĨϵĸо
15226,ÿǶװôʼ͵ϰ3M
15268,ȷʵǴȻûζ
15274,ˣҪ˪ģϡģҪ˪ʹ
15299,"16G,8G,˻"
15312,СĺܣʮСȻֵ
15348,һֱû ʹ
15392,4ƿ յֻյ2ƿ ƿҲûз 
15395,ˣеС
15396,Ӧÿ鶼д󺣱ôҶôõ
15406,һվϵĿʽȫһվԲ캣ľȻʵVɫɫ̫ȫǲͬһԴΪ˻˶ĲƷ
15452,٣ƿӸĴ
15456,Ǹ죬ѧԱе
15464,Ǹ¼̫࣡
15469,ֹãǰöˡЩ˿̫ܲӦͷ
15520,õĵڶǸڶŵϵǸž
15587,ڻ԰ݵϣʼ
15607,ⱾȷʵܺڣĶֵ󣬵͵Ϊֵ
15637,ȱAmazon֪ҪֱϵӦ̣绰ϵ˵ǻڶϵһҲûе绰ٴιͨ˵ûм¼ۺķˮƽдߣ
15702,޷ʹá޷̡ʾҪʽʹãʾд޷Сͬ
15720,õʱһɬûʲôӰ졣˵ݱˡ
15778,һīƬװͷϾ۽ˡûá
15792,ఴĦһϴǰģоëףǾ͵ģƲ
15796,ͼƬɫĻȻǽۺɫеԺѷˡ
15862,ָʾȫǻҳϿȫǻۣϻ۵㡣
15922,̫˸̫
15937,̫Сرûɶô
15944,ĦСûж
15954,ʱװصĺǿͷ
15974,ûԶתô¡
15975,ݲ費֪Ч
15981,˵ʱͣëүү
15988,޷ֻ磬ֻ֪⻹ߵ⡣
15995,첻Ż_
16001,µ22յ30ţеϼĸо
16002,˫ʮһģһͽ*
16005,һû
16009,ŵһ
16010,"3,ÿ,Լ˸,"
16017,ĤŪ
16018,
16019,һǮһֻг``
16021,ûã֪ò
16024,ͳʲôû
16027,ѾͶʹ
16029,ѽѽѽѽ
16030,ûü ϰͷԼȥ <br/>
16032,ò
16034,ץסӣ
16035,ģԿ
16043,ûпں죬ƭ˵
16050,ִ ҳ  ж
16053,1798
16059,...............................................
16084,úðŶħ(o)ŶŶ
16086,ڵ겻ֻ֧عʱпͷ׳ɹ˾ûͷ˺ڵȥǲҪ˭˭ϵ̫ˡ
16089,
16091,·е̫С˴
16092,ʱûע⣬滹ȱ
16094,Ŷ
16096,˾
16107,䲻رԶﲻ300
16108,һǾ͸һ
16115,ֲܷ⣬̵̻̾ܵ
16131,
16135,ȫ⾩ͻٶȣǾõķҲҪžֱӪ
16159,װ⣬ˮͰײ3󶹶
16164,ûҵƷ
16168,"zong ti hai ke yi, zhi shi cun zai zhi wen"
16169,ͷֳ
16172,ƭ˵ģ˼ûЧҲû
16173,һ㳦ûͣҪҪӿ˺ʱᷢϴĽֿһ
16176,ûյ
16180,̵ӡǣ
16182,ú
16190,ͻȻչʾҳ1899Ԫ Ȼ2099Ԫզѽ
16194,ڶûյ
16202,װĤ
16205,asdasdasdasdasdasdasdasdasd
16208,
16214,Թˮһˮû˵ġ
16216,һ߶Ǻ
16217,ûץӣ
16219,еʣ
16220, 2Ͱ  Ҫ
16222,У˵ʵôճ·
16223,*  һݲŵ  Ǻ
16224,װλ ײ
16232,һǮһֻѩ
16240,·еˣ֪С
16253,Ϊʲôûָ֧ܣ
16267,˵˼һ־
16274,ֻոɶϵĹܻǲѧ_~~
16275,е󣬻̫
16289,ǲ3229û
16290,
16302,˵ֻֻû
16303,û
16317,ûʼ
16321,   ֪ò
16332,֪ûģ˵ûĴ
16346,˼죬һѾûˣ
16360,涫Ҳܵ û
16380, ֪ҵˮҲһƿ
16385,Ӿֵһúࡣ
16394,ֱͨͣӷűȻ󷢶֪ͨ򿪰װͿԼͼ
16398,Ӹ֮һ߷϶رе©ˮձʲô
16403,ۣСܵܶûоˣҪһϵĽô
16410,ڼҷ죬һӾȻûУһİ
16426,Чд֤Уû
16463,һеıݵģôŮ
16488,˱ЩСˣǽ鹻˫˿
16491,ٴ没ٲ
16508,ΪʲôΪ飬նһ벻֪صģ
16557,"ȷǸ21͵˿ô,ôвܲܺ龫,ڻ˺龫?"
16565,Ӣ䷽й죡?
16575,ӢİģҪİ
16576,Ʒû͵顣
16589,Ч󣬾ƾζŨ
16631,ΪɶҪڵĶ
16632,ʱ򿴵ǰűȲֵģ֩Ȼûϸ˵ŷôĹɫ̼ΪʲôĽ
16633,ʯˢͷȻе࣬۸Щ
16634,ݵĲ磬ζ
16646,260׵ЬҴСģ265ҴС
16654,LEGOĶһãǿɱ1484
16660,ɫĵϳɾƺɫģ
16662,ͼнʽѣ书
16679,ֻʹ1£Ͳ֪Ϊʲôˣ޷ʹ~
16680,һ֧һ֧Ҳֻա
16687,ҸԶˣòÿγ˱㶼е
16696,£˺ö
16704,ڰͶӰ
16711,оߴҪȲɫɫҪСײУʣУ
16719,۸飬Ŀǰ
16722,ʾ˻
16772,˯ ȫ˯
16774,װûϣΪ
16780,תƲ еĸо
16800,ÿιĴ̴ȫһζǳ󣬷ǳ󣬷ǳ
16818,Чεȴʵ~
16829,һֱӣ֪˶
16857,AEӢİ......DVDƵزҲAEPļ~~~
16871,֪ʲôԭ򣬷ûϰѸˣһǸһİûҵ˻ˡ
16874,˼ҵģխĺܡ
16903,֪ȥˣû
16914,Сʱҧ
16918,һȺӣ3GWAV㻹ǳMP3?˱飬Ӧø׵ĵҸصַ
16952,յ˵һڣǾȻŵǿ鶫ûеģȫ
16956,ѹѾ ѹ
16979,ŲãҲ֪ô
16980,˱ıͼƬнϴ
16985,ϲķӡЩб ֽҲеβ Ҳܴ  ǿ
17029,ϸЧĺð
17047,ȫãһϵӻϱҧֱӶڶ
17053,ϴྫѹΪʲô
17054,èһֱK36
17057,̫ˣһ֪Ҫõʲôʱ
17061,ϻǻӱ©
17077,ûʹüֵҲûпɲοļֵ
17078,ô̫߻
17106,Heal ForceָʽѪͶPOD-1 Ѫ|(ҽ)(Զػڹ⿹ţʾ)
17111,Լùرռ̵ƣ˵ƾ͵ڹ˼̣ϼ̸ǣsurfaceԶ˯״̬
17123,˵ĳƣɲƬһûбŶ ʲôѵ
17128,"ûӰ,ҵĺƢӰģҲ"
17131,2£ϻǳС
17144,һֻɫûдκζɫšǦֽǲ𿪵ġ
17150,˰ ûʲôЧ
17152,ˢëҲһ⣬ãСӻ2¾Ҫһ
17154,ô˲ż죬ͿʼˣĻһһ
17159,ǰԭе½ڷ֣ݻһ·࣬ظݼһе㿴ȥ
17162,Ƥۺۣ顣
17163,˵ģûв⣬ܻϣǦûװ
17165,ôֻֻйƬûпְ
17181,еֻǼhelpĵӣ
17189,һ֧дŨŨĸ飬һʹΪ֮ݡ
17191,ӵģ̻
17202,ڼԻˣλŰɣ
17206,ûɶ~~~~~~~
17220,ûõģô
17225,дϸ ͼƬҲϸ Ǵֵ  ֻŴ 
17239,LYNXʿװ˱ԡ¶600ml+ԡ¶250ml*2+ֺ12ml*2ƿһ75Ԫоװûǰװ
17244,ܷ~Ƕ
17247,һ鶼ӢģһĶҲӢˮƽӦаɡ
17250,һ򿪾̹رգȫò
17259,review AVP test
17263,ôװȥ
17289,д׵ϸڲ࣬Щ£ûʲô˼
17298,_Ұ___߾_377VCƿ_ɫԸ_ձ_졣Ŀǰ_ʹ_ڣ_κЧͲߡ__ƿ_MONEYͦ__Щ˰
17306,յ2015ģȻ2018ŵڣܾƽ̨ѹֿ
17308,Ϊʲôûҵڣ
17309,ȡа͹
17316,Ȼһ8࣡
17317,ϼֻܰСʱȻӾƬɣƨûУ
17328,Сǿ̫˰ɣڿһϣһմ˴ʮֻҲһʮֻ
17347,۸Ƚϱ飬һƿûʲôЧ
17359,ڲмҳӡбˣô
17379,ûǰľãˣ
17395,ܷ⣬֪ͬһҵĲƷôеܷ⣬еûУտʼãڴЧ
17416,齲Ķ̫ˣûʵս---------
17451,ձģϺ
17454,4ŰǶϵģѷҪһѽװʱŷ
17467,˵˵;ʵ û װһҲ
17481,̫ˣֱ̣
17503,"S/Môѡûгߴգ50Kg,158cm"
17507,ʵͼƬҲۣӼ۸թ
17515,װȻƷ֣ҲˡԺ󲻻
17520,֪ʱΪе׵Ч
17525,㳮ڻãûʲô⡣
17530,ȫ޷ϣ̫ˡ֪
17542,ûʲôôһֱڳ棬дƿ׼ӵ
17550,·̫ܴƷĳ˵Ĳһ
17565,ǵĻĥ߶ûУ˵ƿУûĥ߽ڵ
17570,ҪһھòˣǧҪ
17572,201521755֣һ˾X11ֱʧȥϵģ÷ɻΪMH169ѾԮѰҸ÷ɻ˾X11ϢΪֹδ١жΪϵͳ£һ޷ָһΪ˾X11
17587,ûʲôЧ
17591,ûá
17593,˶вЧ
17602,
17603,ġûһá
17604,еС˵
17610,𿪺ֿˣиС
17611,ôû˶
17619,ûյʾɣϵƭĸо
17621,走ƷµˣûУȥʿͷŷд꼴ֹŶfuckJD
17624,͵˵*
17635,ֶ곬жʮһƿһ۸
17642,Ѿյˡ»ζûù
17645,ӡˢ̫ܽܣ֪ǲǶ̫
17650,
17651,/΢Ц/΢Ц
17662,ɫû˸ɫûڵ û
17663,
17673,ĻС
17694,ûյ˻޷ۣƭ˵İ
17701,mp3ʱܽ绰mp3ԶѭţʾӢģûйػʾ
17717,ûм
17721,ûյΪʲô
17723,׹˿¶Ӳϣʾӳʱ
17730,ͽ
17732,յδԣ֪ЧΣ
17744,һھ??
17747,˵Ʒû
17752,˲һע˺žͽȥ˿ͷ˵ڴأ֪ʲôʱܴ
17755,ֲ˵̫ࡣ
17760,ͱ˵ģ˵ûȥͲá
17770,ϲͼһ
17778,û´Ρʱϴˮ*
17783,Ʒζ̫
17796,ƭ˵ʲô׶û
17814,СûʹأЧ
17831,ͷĻһ
17839,ûòЧô
17845,ûװ
17851,ģСŻЧģá
17853,һǶһԽԽ١ˡ
17856,4
17870,ǧϵ
17871,ǰ16.8һڸϻ16.8
17875,ûзƱǰ
17883,һ
17884,úúú
17902,ûյƷ
17908,ͨ оͺˣ ӦüӸ60
17922,úúúúú úúúúú
17923,ʱûЧ
17927,ԼҲ֪
17952,ιŮѼҸèǷˣûιˡ
18020,۸ˣһװ˻ˡ
18028,һֱڳԣϣܸ
18042,ǵι򣬵ȴηװٵϺ𻵵ģˣͲò˻ˡ뿴ĵƬ
18048,¹ֳˮ?ԶԶܸоУԶػҲû
18052,Ӳţžߵˡ
18065,ȻûеԴ߲ͷ
18078,ӦöһϰϰĶ·
18080,ƵҪ ̫С û
18081,֮ǰõһֱǴͳ㣬ˣû㣬ڲ20ƽ׵Ŀռ䷶ΧãȻҰҹӶˣ
18088,Ų̴㣬̴㡣
18092,תֶͰ
18106,Ҫн֣û
18109,ϴ̣оġζȽ⣬˶ܽܣѻǼҸ״ϴˡ
18112,ͷ ȥо֦  ˻
18116,ΣˮϴˣȻͲˡ
18121,ƬûЧ
18125,ĵһͶˡ ĻҪҪһء
18136,ԭĺζһһɵ㾫ζ
18138,С39ȶˣ37.˵ǲôҲô
18140,ʵʵ˵ ûù ù Burberry Ӵӣϣǣġùãˡܵ͡Ķǣӣϣǣġ Burberryĩʿˮ30MLˮʾǡʱ䡡̡̫Ŀǰùʱ̵ġ
18160,ȻǴձģmade in chinaǺǡ
18168,˭֪̫ ·̫С  ڴô
18170, ܻʣһ㵹
18182,¿ͷѣдҲǡС˵ͷҪãС˵е磬춨С˵ĵԣ˵߼жΣֳܶͷ¾ܹסߵע
18185,ǰСǣ
18195,˵ѧƵıضĿ
18214,пζѽ֪Ϊɶ
18215,M룬ĹL룬6յ
18217,3M 9001V 6ֻװװûܷ⣬иͷͼеķαǩԺѷˣͶ
18218,ػΣŲ
18224,ȣЩûװϣԼýϵġ Σ̫խ
18236,Ҿǿ˵ЬģУ
18242,ҲҲֻúɬûлظʣûлظʣûлظʣ
18250,ϷĻ12Сʱͱ䣬
18283,оô... ͱëûɶ
18298,ģǸ
18300,յ󣬵һ£𲻵ʱãй Ҫ˻ ˻ ƭ
18332,Сצ̫ϸˣûбָأ۲˺üΣûԶþ͸Ż֪ı᲻
18334,µʱǴ׵ģٴδ򿪶û׵ˡӢļһģ׿£齺о߶ǻɫģһζˣ˻
18345,֪ΪɶյֻеƬû鼮
18346,¥ ҧ оûʲô
18360,յģŵëľɢһ͵ë
18362,һ˿Ӧ˭Ҫͷػ
18367,ǿãӦá
18368,Ϊʲôװ֮ûκηӦ
18370,ŵǿյǧȷ̨ˡǿ¼ĶԻ
18375,ʵ̫Сˣãȫû֧ţ죬Ӧ˾˻
18409,ֻۣ۲ԭˡ
18410,ֻһͷҸȥ˭
18435,㲻Ҫġ
18464,ȻûīУϣô£
18484,˵Ƿ;ζʹ Ǻ˵ζһΪˢʲôˮζءˮ̫࣬Ӱжϰ
18494,вĺۼ
18503,һЧûУһǺˮĸоȫûʲôͿ
18531,װ˵ûУôװ
18533,Ԥڵһ˼׼Բ˵ʲô
18536,Զػϣͷ󾡿ϵΪҲǵĿͷ
18541,This book is really fantastic!!!I love Harry so much!!
18588,⣬ǰʸкյĸоһ
18594,"û,֪Ч."
18608,U̳ʽɷˮҲɷȶģ
18618,Ҫ
18620,ûоûи
18626,ǱдĵСƽ
18629,ϴˢ
18642,һûʲô飬´ξͻ˰ɣ
18647,ΪģȽȫ
18660,Լ鿴 ӫ
18663,____ժ_ԴԼ__βþ_
18674,˵ʲô100죬˵ǴʱôһڲҪ硣
18679,һУ͵̫
18706,òˮĨܱˮʻЧ
18717,ǰװҩƿȻûܷ⣬ǸƷ˻
18719,׼ƬӣҪÿϴȻҪڻ
18723,ʷң޿κ ķҲңͲ
18739,û취
18748,ɫҪȻһЩģ
18752,鱾İװģǺùһѷעһ°װ
18753,֪ô
18763,ߴԤڵС̫࣡ˡ
18791,"ϴŴž;,յ."
18799,û10Ǯ͸25ҸմȥˣûӾ͸ˡ
18811,˲һ£µĵͽˮˣե֭ʱװˮ©ϴʱȥˮ
18815,ûζǼӵĸӸǲϣ֪ô˼
18819,ζ󣡣ǸӷǰѺѬΣ
18848,˵8*3Сյֻ4*3Сѷ
18867,ѧζè
18873,ֻ˵һݼǮһݻ
18876,֮ǰкö벻ͨⱾԺ
18887,֪ûܵ㣬⽻׶ǧĵطΧڵ㼸ٿ顣
18889,_յˣϵ_Լµ_ϲ_
18902,ζʵغƷȫһҴ򿪾Ͳ˻ֱƭһ
18920,޷Ǿֳɹ͵
18937,˾ûıҪ
18942,ϿõĿαһֱ
18944,ڴ治1615ûУ㲻͵ϵ̶ֳˡ
18961,ճ
18963,ùͼƬϵĲһ.Ҳ䡣
18975,оͼƬϴ
18995,ı˵ˮ©ˮΪֻǸԥˣյ֮©ˮ©ˮ©ˮ
19001,оΰһûʲôرư
19012,дйо࣬Ǻˡ
19031,û
19034,0-3µĿӲǿɿ
19035,ûãģ
19036,ûյôѴǩհ
19043,Ʒ
19047,Ժ  ǰ궼
19048,
19049,ʱûװú
19052,ˮһۣӰˣһ
19053,8oneضħʦ
19057,ƭ ˵л 죬Ÿҷ
19070,ǵ۷׷ײ԰_ôôĻ˳ǱȥûԼ
19074,ٴճ
19079,˹1.8òˣƭֽ
19081,Ʒµһ
19082,ǮҰ˺ģһֱҴߴٵʮһŷĻŵǹһ
19085,
19094,
19095,ǷĶأ
19096,ͼ顢Ʒۻֹ10ԪƷ500ĵõ۲ſɻý
19105,̫ˣرѴ򿪣˿ദˣԼǯ
19106,һȽϽusbһΣӿڴɢ......
19110,ܲrmvbǽ˵ܣϵˣ
19115,е
19117,Bosch lam is always my 1st choice. 
19131,ûù͵
19140,·һƶ&hellip; &hellip;
19149,˽ڶ˲յһСʱ·̷죬˳ᣬ·͵ˣҪиãĸɿҪŻ
19150,Ʒ޵
19151,40Ŵֱƭ˵ģʵʷŴ4ƶûУǧ
19154,ŸֻĤһףԭװģ
19155,һ£ұ߰ûзӦûУֻһߣ˻
19156,ûҵˣ
19157,ббЩ͸
19161,һˣûдеС
19166,һĶ
19169,˿ûյһҲû˻û
19173,ĸģֱʻϼˡ
19176,ͽۣ۸ȹж˲Ϣ䣡
19177,͵ˣ...
19180,ֵ̫
19185,䲻
19188,0201</br>
19193,ǺǺǺǺǺǺǺǺǺ&rarr;_&rarr;
19194,WIFIòˣҲˡ޸ʦһˣûάޣҲˣ绰Ҳ˵һԺҲϾTCLĶ*
19196,ʲôֶ˵
19213,ʱĿζôֿζˣȥĶ˰
19218,ǵ6s˭֪͹plusĲð
19223,66
19230,
19242,Ͳǲֵ
19252,ѹ֪ôã˵鶼ûСе㲻
19261,۸~
19269,˵һ֡
19272,232GĿװʾ29.5G񻯺ʾ22.5GܸΪʲô
19286,̫󡣡
19297,Ҷ
19298,һּǮл
19301,Ͳã5˵18ɣǻǲãǷ˻أ
19305,ù׷
19320,ڻ
19322,
19323,ûʹãˢֻһģûпСѡͷ֣ԭˢֻһģûпС
19327,11111111111
19328,ƷһرС
19331,͵ĲƷûã
19335,"Ky aa , and the other"
19337,0                                 0
19340,û
19349,ûװȥأȴװʦ
19355,ûЧƭ˲Ʒ
19357,ҳšƷۡξûӦˡ̫Ȼһˡҵֻûáе
19359,Ⱥø
19385,ǸۺҶ
19401,͵̫ץ ͵Ҳû취
19406,
19407,ֻξûˣ10000ƭ˵İ
19409,Ǯðװ׬˰ɡ   
19414,յһʲô
19416,ûеĶ
19424,ô
19425,һǮһֻ
19430,Puritan's Pride  Ũ֬ 1200mg*250...ƷϢ ģյƷȴӢģûںͱڡҳԡͷ˵ҾҲͷˡֻˡǲթΪ
19431,ԭõ˪ˣֻʱ ûãΥһֳˡ
19436,Ϊʲôʵʹ۸ҳʾļ۸KINDLEµʾ4.2ԪڵϹ鼮۸ȴΪ2.5ԪΪʲô
19443,1£Ϳ˻
19455,ȷſ̣
19463,ܷⲻ̫ã©ˮֲ֪ʲôʣ⡣
19466,йͰŷ֣Ϊʲô޹ͣ
19479,ɨʵ̫Сˣҿߴɨ
19489,Ʒˣǰڿ˾ͲˣǰĽſʼģֿʼˡ ⣻۷̼ҿͷ绰0371.֣ţҪúðѹһ¡
19498,ζζζҪζָ
19505,룬ǽڵģǽղ
19527,ǰһֱˣСʨڻing
19539,̡еӰĶ~
19542,___3m______Ʒƺ_ˮԱȲ΢____΢_
19565,֪ǹԱ⣬ʱװѾ𿪣
19568,14_ĵԶŲ£˵15_
19576,Ϊǹǰ۵ģǡʱҪϸŶӦϿ
19585,Ϊɶ飬ֻյһʾǩաװΪɶֻһڻû
19590,¡Ͳܳ
19594,2Сʱתᷢ
19598,˸ûгһͿʼ컹оʺ
19599,ûáΪʲôװжûе
19604,ۺ_ñľͷͿѣô죿
19612,ûвƷ˵ζֻһϴζ
19627,èʹѾк°
19629,Ƕư..._ƫ____???!!!
19645,ɢˣŪһ̡ɫġ
19652,"1.л,ˤ. 2.ûͿֽ 3.ûǽ"
19656,ǰ벿ܽjava֪ʶԼ״㣬벿ݽṹ㷨Լעؿ˻֪ʶ֣Щطjava롣벿ֺݿɲοjulyĲͣ㷨οָofferδȻԱԱ䣬ϣһӼͲϵͳܽᣡ
19659,ʹü15Σʱ䲻Сʱؾûˣ̫ʲô
19669,ڼˣÿɰ
19693,ܷܵװʵʰװС̯һ
19700,ΪⱾûʲôʵʿɶ塣
19724,ӶûУϴװЬطùЬϻһڣѵ
19727,˵鶼ĲǺܶùƷӦûð
19729,ǿңûжĤһ
19734,___ƷǺá_һ_5֧ò갡__ÿ_Ʒһ֧__Ȼ_
19763,ò׸λڰԼһֱˡ
19764,յıһ ֵĵײˮȥ ǻˮ ޷س һӡ ϴ ֪ʲô
19774,򲻵һͿʼбѾ
19777,˻ζҪǰװҲ˻
19788,̫ˣ֪ô
19789,µ԰磬յ໨
19817,󴽸ຬͳɷ֣ˡ
19818,Ĺ¡ڰװб½С֡ƣ˯ǰ¡ ֻܹԼ֮ǰûϸĿ¼ˡйһѣһСľͻϵ
19827,ڵ8·ݣû֪
19837,___5247_Ҳ̫____Ҳ____4·ݵġ
19859,ܷⲻ ܷ۲ס
19864,кɫʡ ͡ƣ̱֤꣩ϸ֤
19867,˺ü ûʲôЧ
19869,ɡһʱ͵ɫˡ
19871,ֽ¶ܽɿкĿ
19878,ģ綫ǵġ175cm80kgLǿܴ
19884,һΣͷͶˣۺҲʱһꣿ
19888,Ҫѧϰ
19902,ŻɣǰҲûȻԼ۱Ȳۣ
19926,Ϊȥ̵ģֻǸ
19930,ûӵʱԶֹܸͣܲ͡
19933,ʱ񶯻̫ˡˢͷôͳİΪǽˢͷء
19936,յٸװǷֿģҲǿŵģˡûдëˡ⹺ǰ˻йɣڶ
19942,ûװģǸϵֵĶûˡ
19963,տˮ24Сʱֻ40-50ˡ
19966,ƿˮҸоûгζ
19969,̨ϣֲʲɹ
19984,ȥ?÷һϣ˧ˣ
19992,һֱãĽо
19994,Ʒǲغװװдй죡